key,sequence
0,LCHDLDHRGFSNSYLQKFDH
-1,LCHDLDHRGFTNSYLQKFDH
-1,LCHDLDHRGYTNSYLQKFDH
-1,LCHDLDHRGFTNSYLQKFDH
-1,LCHDLDHRGYTNSYLQKFDH
-1,LCHDLDHRGFTNSYLQKFDH
-1,LCHDLDHRGFTNSYLQKFDH
-1,LCHDLDHRGYTNSYLQKFDH
-1,LCHDLDHRGYTNSYLQKFDH
-1,LCHDLDHRGYTNSYLQKFDH
-1,LCHDLDHRGYTNSYLQKFEH
-1,LCHDLDHRGYTNSYLQKFDH
-1,LCHDLDHRGFSNSYLQKFDH
-1,LCHDLDHRGYSNSYLQKFDH
-1,LCHDLDHRGYSNSYLQKFDH
-1,LCHDLDHRGYSNSYLQKFDH
-1,LCHDLDHRGYSNSYLQKFDH
-1,LCHDLDHRGYSNSYLQKFDH
-1,LCHDLDHRGFSNSYLQKFDH
-1,LCHDLDHRGFSNSYLQKFDH
-1,LCHDLDHRGFSNSYLQKFDH
-1,LCHDLDHRGFSNSYLQKFDH
-1,LCHDLDHRGYSNSYLQKFDH
-1,LCHDLDHRGFSNSYLQKFDH
-1,LCHDLDHRGYSNSYLQKFDH
-1,LCHDLDHRGFSNSYLQKFDH
-1,LCHDLDHRGFSNSYLQKFDH
-1,LCHDLDHRGYSNSYLQKFDH
-1,LCHDLDHRGYSNSYLQKFDH
-1,LCHDLDHRGYSNSYLQKFDH
-1,LCHDLDHRGYSNSYLQKFDH
-1,LCHDLDHRGFSNSYLQKFDH
-1,LCHDLDHRGFSNSYLQKFDH
-1,LCHDLDHRGFSNSYLQKFDH
-1,LCHDLDHRGFSNSYLQKFDH
-1,LCHDLDHRGYSNSYLQKFDH
-1,LCHDLDHRGFSNSYLQKFDH
-1,LCHDLDHRGYSNSYLQKFDH
-1,LCHDLDHRGFSNSYLQKFDH
-1,LCHDLDHRGYSNSYLQKFDH
-1,LCHDLDHRGYSNSYLQKFDH
-1,LCHDLDHRGYSNSYLQKFDH
-1,LCHDLDHRGYSNSYLQKFDH
-1,LCHDLDHRGYSNSYLQKFDH
-1,LCHDLDHRGYSNSYLQKFDH
-1,LCHDLDHRGYSNSYLQKFDH
-1,LCHDLDHRGYSNSYLQKFDH
-1,LCHDLDHRGYSNSYLQKFDH
-1,LCHDLDHRGYSNSYLQKFDH
-1,LCHDLDHRGFSNSYLQKFDH
-1,LCHDLDHRGYSNSYLQKFDH
-1,LCHDLDHRGYSNSYLQKFDH
-1,LCHDLDHRGYSNSYLQKFDH
-1,LCHDLDHRGYSNSYLQKFDH
-1,LCHDLDHRGFSNSYLQKFDH
-1,LCHDLDHRGFSNSYLQKFDH
-1,LCHDLDHRGFSNSYLQKFDH
-1,LCHDLDHRGFSNSYLQKFDH
-1,LCHDLDHRGYSNSYLQKFDH
-1,LCHDLDHRGFSNSYLQKFDH
-1,LCHDLDHRGYSNSYLQKFDH
-1,LCHDLDHRGYSNSYLQKFDH
-1,LCHDLDHRGFSNSYLQKFDH
-1,LCHDLDHRGFSNSYLQKFDH
-1,LCHDLDHRGYSNSYLQKFDH
-1,LCHDLDHRGFSNSYLQKFDH
-1,LCHDLDHRGYSNSYLQKFDH
-1,LCHDLDHRGFSNSYLQKFDH
-1,LCHDLDHRGFSNSYLQKFDH
-1,LCHDLDHRGFSNSYLQKFDH
-1,LCHDLDHRGFSNSYLQKFDH
-1,LCHDLDHRGYSNSYLQKFDH
-1,LCHDLDHRGFSNSYLQKFDH
-1,LCHDLDHRGFSNSYLQKFDH
-1,LCHDLDHRGFSNSYLQKFDH
-1,LCHDLDHRGFSNSYLQKFDH
-1,LCHDLDHRGFSNSYLQKFDH
-1,LCHDLDHRGFSNSYLQKFDH
-1,LCHDLDHRGFSNSYLQKFDH
-1,LCHDLDHRGFSNSYLQKFDH
-1,LCHDLDHRGFSNSYLQKFDH
-1,LCHDLDHRGFSNSYLQKFDH
-1,LCHDLDHRGFSNSYLQKFDH
-1,LCHDLDHRGFSNSYLQKFDH
-1,LCHDLDHRGYSNSYLQKFDH
-1,LCHDLDHRGFSNSYLQKFDH
-1,LCHDLDHRGYSNSYLQKFDH
-1,LCHDLDHRGFSNSYLQKFDH
-1,LCHDLDHRGYSNSYLQKFDH
-1,LCHDLDHRGYSNSYLQKFDH
-1,LCHDLDHRGFSNSYLQKFDH
-1,LCHDLDHRGTNNSFQMKSNH
-1,LCHDLDHRGFTNSYLQRFDH
-1,LCHDLDHRGTNNSFQQKSE-
-1,LCHDLDHRGYTNTYLQKFDH
-1,LCHDLDHRGYTNSYLHKFDH
-1,LCHDLDHRGYSNAYLQKFDH
-1,LCHDLDHRGYTNSYLHKFDH
-1,LCHDLDHRGYTNSYLHKFDH
-1,LCHDLDHRGYTNSYLHKFDH
-1,LCHDLDHRGYSNAYLQKFDH
-1,LCHDLDHRGYTNSYLHKFDH
-1,LCHDLDHRGTNNAFQAKIEH
-1,LCHDLDHRGVNNSYIQRSDH
-1,LCHDLDHRGFSNTYLQKFDH
-1,LCHDLDHRGYSNTYLQKFDH
-1,LCHDLDHRGYSNTYLQKFDH
-1,LCHDLDHRGVNNSYIQRSEH
-1,LCHDLDHRGYSNTYLQKFDH
-1,LCHDLDHRGFSNTYLQKFDH
-1,LCHDLDHRGYSNTYLQKFDH
-1,LCHDLDHRGYSNTYLQKFDH
-1,LCHDLDHRGYSNTYLQKFDH
-1,LCHDLDHRGYSNTYLQKFDH
-1,LCHDLDHRGYSNTYLQKFDH
-1,LCHDLDHRGYSNTYLQKFDH
-1,LCHDLDHRGYSNTYLQKFDH
-1,LCHDLDHRGYSNTYLQKFDH
-1,LCHDLDHRGYSNTYLQKFDH
-1,LCHDLDHRGYSNTYLQKFDH
-1,LCHDLDHRGYSNTYLQKFDH
-1,LCHDLDHRGYSNTYLQKFDH
-1,LCHDLDHRGYSNTYLQKFDH
-1,LCHDLDHRGYSNTYLQKFDH
-1,LCHDLDHRGYSNTYLQKFDH
-1,LCHDLDHRGYSNTYLQKFDH
-1,LCHDLDHRGYSNTYLQKFDH
-1,LCHDLDHRGYSNTYLQKFDH
-1,LCHDLDHRGYSNTYLQKFDH
-1,LCHDLDHRGYSNTYLQKFDH
-1,LCHDLDHRGYSNTYLQKFDH
-1,LCHDLDHRGYSNTYLQKFDH
-1,LCHDLDHRGYSNTYLQKFDH
-1,LCHDLDHRGYSNTYLQKFDH
-1,LCHDLDHRGVNNSFIQRTEH
-1,LCHDLDHRGYSNTYLQKFDH
-1,LCHDLDHRGFSNTYLQKFDH
-1,LCHDLDHRGYSNTYLQKFDH
-1,LCHNLDHRGFTNSYLQKFDH
-1,LCHDLDHRGFTNSYLQKFGH
-1,LCHDLDHRGVNNAFIQRSEH
-1,LCHDLDHRGTNNSFQIESRH
-1,LCHDLDHRGYTNTYLHKFDH
-1,LCHDLDHRGVNNSFIKRSDH
-1,LCHDLDHRGYTNNFIQLTKH
-1,LCHDLDHRGFTNSYLQKFD-
-1,LCHDLDHRGYNNNFVQLTKH
-1,LCHDLDHRGVNNSFIKRTEH
-1,LCHDLDHRGVNNSYIKRSDH
-1,LCHDLDHRGVNNSYIKRSEH
-1,LCHDLDHRGTNNSFQQKT--
-1,LCHDLDHRGTNNAFQQKAD-
-1,LCHDLDHRGTNNAFQQKS--
-1,LCHDLDHRGTNNAFQAKSD-
-1,LCHDLDHRGTNNSFQTKTD-
-1,LCHDLDHRGTNNAFQVKSE-
-1,LCHDLDHRGYTNNFVQLTKH
-1,ICHDLDHRGLNNSFQAKTSH
-1,LCHDLDHRGTNNAFQSKSE-
-1,LCHDLDHRGTNNSFQTKTE-
-1,LCHDLDHRGTNNAFQSKSD-
-1,LCHDLDHRGTNNAFQMKTE-
-1,LCHDLDHRGTNNAFQSKTD-
-1,LCHDLDHRGTTNSFQTKTE-
-1,LCHDLDHRGTNNAFQMKTD-
-1,MCHDLDHRGTNNSFQVASRH
-1,LCHDLDHRGYTNSYFQKFD-
-1,LCHDLDHRGTNNAFQAKTD-
-1,LCHDLDHRGTNNSFQSKID-
-1,LCHDLDHRGTNNTFQIKSE-
-1,LCHDLDHRGTNNSFQVKID-
-1,LCHDLDHRGTNNAFQSKTE-
-1,LCHDLDHRGTNNAFQQKT--
-1,ICHDLDHRGTNNAFQQKS--
-1,LCHDLDHRGTNNAFQAKTE-
-1,LCHDLDHRGTNNSFQIKSK-
-1,LCHDLDHRGTNNAFQTKTE-
-1,LCHDLDHRGTNNAFQTKTD-
-1,LCHDLDHRGTNNSFQVKS--
-1,LCHDLDHRGTNNQFQQKT--
-1,LCHDIDHRGTNNLYQMKSQH
-1,LCHDLDHRGTNNSFQINEKH
-1,LCHDLDHRGTNNQFQIKTD-
-1,LCHDLDHRGTNNSFQTKIE-
-1,LCHDIDHRGTTNAFQQQSD-
-1,ICHDIDHRGYNNDFYKKTKH
-1,LCHDLDHRGYTNNFVQVTKH
-1,LCHDLDHRGTNNSFQSKS--
-1,LCHDLDHRGVNNFYIQRSEH
-1,ICHDLDHRGTNNAFQQKT--
-1,LCHDLDHRGTNNSFQEKS--
-1,LCHDLDHRGTNNAFQLKTD-
-1,LCHDLDHRGTNNEFQMKTD-
-1,LCHDLDHRGTNNAFQKTANH
-1,LCHDLDHRGTNNSFQVQSE-
-1,LCHDLDHRGTNNSFQINYLH
-1,LCHDLDHRGTNNSFQEKT--
-1,LCHDLDHRGTNNSFQIKT--
-1,LCHDLDHRGTNNAFQSKVE-
-1,LCHDLDHRGTNNAFQVKVE-
-1,LCHDLDHRGTNNAFQSKVD-
-1,ICHDLDHRGTTNSFQVKAD-
-1,LCHDIDHRGTNNSFQIKS--
-1,LCHDLDHRGTNNAFQSKIE-
-1,LCHDLDHRGTNNNFQVKS--
-1,LCHDLDHPGFNNNYLQLTRH
-1,ICHDLDHRGLNNSFQSRTSH
-1,LCHDLDHRGTNNSFQAKT--
-1,LCHDIDHRGTNNLYQLKSQH
-1,LCHDLDHRGTNNAFQVKAE-
-1,LCHDLDHRGYNNSFQVKT--
-1,LCHDLDHRGTNNTFQQK---
-1,LCHDLDHPGYNNNFLSLSKH
-1,LCHDLDHRGTNNAYQQK---
-1,ICHDLDHPGYNNNFQQATE-
-1,LCHDLDHRGTSNSFQVKID-
-1,LCHDIDHRGTNNSFQTKS--
-1,LCHDIDHRGTTNSFQQQS--
-1,LCHDLDHRGTNNSFQVHSD-
-1,LCHDLDHPGFNNNFLSLSKH
-1,ICHDLDHRGTTNAFIQRSD-
-1,LCHDLDHRGYTNTYFQKFE-
-1,LCHDIDHRGTTNSFQVKS--
-1,LCHDLDHRGTNNAFQEKS--
-1,LCHDLDHRGTNNTFQSKIE-
-1,LCHDLDHRGTNNAFQLKVD-
-1,LCHDLDHRGTNNAFQHKS--
-1,LCHDLDHRGTNNTFQVKVD-
-1,LCHDLDHRGTNNAFQTKIE-
-1,LCHDIDHRGTTNSFQVQSE-
-1,LCHDVDHRGTNNAFQSKSE-
-1,LCHDLDHRGTNNSFQVRVD-
-1,LCHDLDHRGTNNAFQTKMD-
-1,LSHDLDHRGVNNSFIQRSEH
-1,LSHDLDHRGTNNAFQAKIEH
-1,ICHDLDHRGTNNAFQAKS--
-1,LCHDLDHRGTNNAYQAKS--
-1,LCHDLDHRGTNNAFQQLT--
-1,LCHDLDHRGTNNAFQEKT--
-1,LCHDLDHRGTNNQFQKKT--
-1,ICHDMDHRGLNNNFIQMTKH
-1,LCHDLDHRGTNNSFQVASK-
-1,LCHDLDHPGTNNSFQRKT--
-1,LCHDLDHPAFTNSFMIASDH
-1,ICHDLDHRGTTNSFQLASD-
-1,LCHDLDHRGTNNSFQVTSK-
-1,VCHDLDHGGYTNNFLQLTDH
-1,LCHDIDHRGFNNEFFKKLKH
-1,LCHDIDHPGFNNNFLSLSKH
-1,LCHDLDHRGTNNQFQIQSE-
-1,LCHDLDHRGTNNQFQIKS--
-1,LCHDLDHRGTSNSFQLKID-
-1,LCHDLDHRGRNNAFYILTDH
-1,LCHDLDHRGTNNNFQLKT--
-1,LCHDLDHRGTNNTFQVKS--
-1,LCHDLDHRGTNNSFQIESK-
-1,LCHDLDHRGTNNSFQVNSK-
-1,MCHDLDHRGTNNSFQVASE-
-1,LCHDLDHRGYNNAFQVKT--
-1,LCHDLDHRGTNNAYQEKS--
-1,LCHDIDHRGTNNSFQVK---
-1,LSHDLDHRGVNNSYIQRSEH
-1,LCHDLDHRGTNNSFQLTSK-
-1,ICHDLDHRGTNNAFQAKT--
-1,ICHDLDHRGLNNSFQAKS--
-1,LSHDLDHRGVNNSYIQRSDH
-1,LCHDIDHRGTNNSFQVQSK-
-1,ICHDLDHRGYTNQFMVKYE-
-1,LCHDLDHRGTNNSFQVDSK-
-1,LCHDLDHRGTNNNFQVASK-
-1,LCHDLDHRGTNNSYQKQS--
-1,LCHDLDHRGTNNSFQVAS--
-1,LCHDIDHRGTNNAFQTTSE-
-1,LCHDLDHRGTTNSFQAK---
-1,LCHDIDHRGTNNTFQIKS--
-1,ICHDLDHRGFTNTFNQKFE-
-1,LCHDIDHRGTNNSFQMK---
-1,ICHDLDHRGTNNAYQIKS--
-1,LCHDIDHRGTNNAFQTTSD-
-1,ICHDLDHRGYNNDFFRKFD-
-1,ICHDLDHPGFNNNFLIMSRH
-1,MCHDLDHRGTNNSFQTKS--
-1,LCHDLDHRGTNNSFQENS--
-1,LSHDLDHRGVNNSYIKKSDH
-1,-CHDLDHRGTNNLYQLKSQH
-1,LCHDLDHRGTNNTFQIKT--
-1,LCHDLDHRGTNNQFQLKS--
-1,LCHDLDHRGTNNTFQVKT--
-1,LSHDLDHRGLNNSYIQRSEH
-1,LCHDIDHRGTTNQFQKLSD-
-1,LCHDLDHRGTNNSFQIQTK-
-1,LCHDIDHRGFGNNFLHLVEH
-1,LSHDLDHRGVNNSYIQRTEH
-1,LCHDLDHRGKTNSFMVKS--
-1,LCHDIDHRGTNNAFQQVS--
-1,LCHDLDHPGYNNNFLKLCKH
-1,LCHDIDHRGTTNSFQVQSK-
-1,LCHDIDHRGTNNSFQLQSK-
-1,LCHDLDHRGTTNSFQVAS--
-1,LCHDIDHRGTNNSFQVAS--
-1,LCHDIDHRGLNNSFQQLT--
-1,LCHDLDHRGTNNAFQVK---
-1,LCHDLDHRGTTNSFQIAS--
-1,LCHDLDHRGTNNSFQVHSK-
-1,LCHDIDHRGTNNSYQVASK-
-1,LCHDLDHRGTNNTFQTKT--
-1,LCHDIDHRGTNNPYQMKS--
-1,LCHDLDHRGTNNKYQIMTE-
-1,LCHDLDHRGTTNSFQMQS--
-1,LCHDIDHRGTNNSFQIETK-
-1,MCHDLDHRGTTNSFQLASD-
-1,LCHDLDHRGTNNSFQTES--
-1,ICHDVDHRGYTNEYFKKVDH
-1,LCHDIDHRGTNNSFQIECD-
-1,LCHDVDHRGTTNSFQQQS--
-1,LCHDLDHPGLNNNFLQLARH
-1,LCHDLDHRGTNNNFQVTS--
-1,ICHDLDHRGTTNALIQKSD-
-1,-CHDIDHRGTNNLYQTKSQH
-1,LCHDLDHRGTNNSFQIVSK-
-1,LCHDLDHRGTNNQFQLKT--
-1,LCHDIDHRGTNNSFQTASK-
-1,LCHDLDHRGTNNSFQVDS--
-1,MCHDLDHRGTNNSFQVASK-
-1,VCHDLDHRGTNNAFQAKT--
-1,LCHDLDHRGTTNSFQVDS--
-1,LCHDLDHRGTNNSFQIR---
-1,LCHDIDHRGTTNSFQLQSK-
-1,LCHDLDHRGTNNAFQANEWH
-1,MCHDLDHRGTNNSFQVTSK-
-1,LCHDIDHRGTTNSFQVAS--
-1,LCHDIDHRGTTNSFQVES--
-1,LCHDLDHPGVNNNFLALTKH
-1,-CHDIDHRGTNNLYQMKSGH
-1,LCHDLDHRGKNNAFMVKS--
-1,ICHDLDHRGTTNNFQIK---
-1,LCHDIDHRGTTNSFQMQS--
-1,LCHDIDHRGTNNSFQISS--
-1,LCHDLDHRGTNNAFQVTS--
-1,LCHDIDHPGNTNPFLKASEH
-1,LCHDIDHRGTNNSFQVSS--
-1,LCHDLDHPGYNNNFLSLCKH
-1,ICHDLDHRGTTNSFQMQS--
-1,LCHDIDHRGTNNSFQTQS--
-1,LCHDLDHRGTTNSFQLAS--
-1,LCHDIDHRGTNNSFQTLS--
-1,ICHDIDHPGTTNKFIEDTEH
-1,LCHDLDHPGYNNNFLTLIKH
-1,LSHDLDHRGVNNSFIKRSDH
-1,LCHDIDHRGTTNSFQIQS--
-1,LCHDLDHPGFNNNFLALCKH
-1,LCHDLDHRGTNNAFQVSSK-
-1,LCHDLDHPGYNNNFLMLCKH
-1,LCHDLDHPGYNNNFLALCKH
-1,ICHDVDHRGTNNAFLSKSD-
-1,-CHDIDHRGTNNLYQTKSSH
-1,LSHDLDHRGVNNAYIQRSEH
-1,LCHDLDHRGTNNQFQKES--
-1,LCHDLDHRGKNNAFQEKT--
-1,LCHDLDHRGTNNAFQRLT--
-1,LCHDLDHRGKTNQFMKLSE-
-1,LCHDLDHRGKTNAFMVKS--
-1,LCHDLDHRGTTNTFQVNSK-
-1,LCHDIDHRGYNNAYQRLS--
-1,LSHDLDHRGVNNSYIKRSEH
-1,LCHDIDHRGTNNSFQLQT--
-1,VCHDLDHGGYTNNFLQKTE-
-1,LCHDLDHRGFNNSYMTQS--
-1,LCHDIDHRGTTNSFQLAS--
-1,LCHDIDHRGTTNSYQVAS--
-1,LCHDVDHRGTNNAFQEKT--
-1,MCHDLDHRGTNNSFQVQS--
-1,LCHDIDHRGTTNAFQVESK-
-1,ICHDLDHRGTTNSFQTQS--
-1,MCHDLDHRGTNNSFQLASK-
-1,LCHDLDHRGTDNSYQRK---
-1,LCHDIDHRGTNNAFQTK---
-1,LCHDIDHRGTTNSFQVSS--
-1,ICHDLDHRGTNNSFQVHS--
-1,LCHDIDHRGTNNSFQMVS--
-1,LCHDLDHPGFNNNYLSLCKH
-1,MCHDIDHRGTTNSFQTKT--
-1,LCHDIDHRGTTNNFQIQS--
-1,LCHDLDHPGFNNNYLMLCKH
-1,LCHDIDHRGTTNSFQKDT--
-1,LCHDLDHPGFNNNYLALCKH
-1,LCHDLDHPGFNNNFLTLCKH
-1,LCHDIDHPGFNNNFLALCKH
-1,LCHDLDHPGYNNNFLTLCKH
-1,LSHDLDHRGVNNSYIKRSDH
-1,LCHDIDHRGYNNAFFQK---
-1,LCHDLDHRGYDNRFMKKF--
-1,LCHDLDHRGKNNQFMVKF--
-1,MCHDLDHRGTTNSFQVASK-
-1,LCHDLDHRGYNNDYLKETE-
-1,-CHDIDHRGTNNLYQTKSAH
-1,LCHDIDHRGTNNLFQMKS--
-1,-CHDIDHRGTNNLYQLKSGH
-1,LCHDLDHRGTNNAFQESS--
-1,LCHDIDHRGTNNAFQLQSK-
-1,LCHDLDHRGTNNAYQTK---
-1,ICHDLDHRGTNNAFQVNS--
-1,LCHDLDHRGTNNAFQAMT--
-1,LCHDLDHRGTNNQYQVASK-
-1,VCHDLDHRGTNNAFQTKT--
-1,LCHDVDHRGTNNAFQAKT--
-1,LCHDIDHRGTNNTFQVQSK-
-1,LCHDIDHRGTTNAFQVQS--
-1,LCHDIDHRGTTNAFQLQSK-
-1,LCHDIDHRGTNNLYQMKS--
-1,LCHDLDHRGTTNQFLLESD-
-1,LSHDLDHRGVNNAFIKRSEH
-1,LSHDLDHRGTNNSFQTKTD-
-1,MCHDLDHRGTNNSFQVDS--
-1,LCHDIDHRGTTNSFQK----
-1,LCHDLDHKGTNNAFQAKS--
-1,LCHDIDHRGTNNAFQVSS--
-1,LCHDLDHGGTNNAFQAKS--
-1,ICHDLDHRGTTNSFQHR---
-1,LCHDLDHRALSNQFLQKTSH
-1,LCHDIDHRGTNNLYQVKS--
-1,-CHDLDHRGTNNSYQMESK-
-1,LSHDLDHRGVNNSYIIRSEH
-1,LCHDVDHRGTNNSFQTK---
-1,LCHDIDHRGTNNTFQTK---
-1,LCHDLDHGGFTNNFLQLTD-
-1,LCHDLDHPGFNNNFLTLCNH
-1,ICHDIDHRGYNNEFFKKMD-
-1,LCHDLDHRATNNAFQAKS--
-1,LCHDLDHRGVNNSYIQRY--
-1,LCHDLDHRGYNNVFYQK---
-1,LCHDLDHRGKTNAYMVKS--
-1,LCHDLDHRGANNSFQIK---
-1,-CHDIDHRGTNNLYQTKSMH
-1,LCHDLDHPGLTNSFQMATE-
-1,LCHDIDHRGTNNLYQIKS--
-1,LCHDIDHRGTNNTFQLQSK-
-1,LCHDIDHRGTSNSFQVAS--
-1,LCHDLDHRGKNNKFMLETE-
-1,LSHDLDHRGTNNAFQSKTD-
-1,LCHDLDHRGKNNKFMADTE-
-1,LCHDLDHRGTNNEFQK----
-1,MCHDIDHRGTTNSFQVQS--
-1,LCHDLDHRGKNNQFLVKS--
-1,LCHDVDHRGKNNSFLQK---
-1,LCHDLDHRGKNNKFMLDSE-
-1,LSHDLDHRGTNNSFQSKIE-
-1,MCHDLDHRGTTNSFQIISK-
-1,LCHDIDHRGTDNPYQMKS--
-1,LCHDLDHRGKNNQFMLETE-
-1,LCHDIDHRGTTNAYQKHFK-
-1,VCHDLDHRGTTNSFQTQS--
-1,LCHDLDHGGFTNNYLQLTD-
-1,LCHDLDHRGKNNKFMSDTE-
-1,LCHDLDHPGVNNNFLVLINH
-1,LCHDVDHRGYNNSFLQMIK-
-1,LCHDIDHRGYNNMFYQEFK-
-1,LCHDLDHRVFTNRCPQKFD-
-1,LSHDLDHRGVNNSYIQRSSH
-1,LCHDIDHRGTNNAFQVCS--
-1,ICHDADHRGFTNSYMQLS--
-1,LCHDLDHRGKTNDYMVKS--
-1,LCHDIDHRGTNNLYQLKS--
-1,LCHDLDHRGKTNDYMIKS--
-1,LCHDVDHRGYTNAFMVKT--
-1,MCHDLDHRGTTNSFQVDS--
-1,LCHDLDHRGTNNMFQVES--
-1,LCHDLDHRGTNNMFQAES--
-1,ICHDIDHRGTTNSFQK----
-1,LCHDIDHRGTNNQFQLET--
-1,LCHDLDHRGKNNKFMLDTE-
-1,LCHDIDHRGTNNACQIK---
-1,LCHDIDHRGTTNTFQLQS--
-1,LCHDLDHRGQNNQFQKK---
-1,LCHDLDHRGTTSSFQVTSK-
-1,LCHDIDHRGFNNNYQ-----
-1,LCHDLDHRGTNNQFLVTS--
-1,-CHDLDHRGTNNSFQMEIK-
-1,LCHDLDHRGKNNKFMMEME-
-1,LCHDLDHRGKNNAYMKSME-
-1,LCHDLDHRGYDNRYMKKY--
-1,LCHDLDHRGKTNQFLINSE-
-1,ICHDLDHRGYDNRFMKKY--
-1,LCHDLDHRGRNNKFMLETD-
-1,LCHDIDHRGKNNQFLMQSE-
-1,ICHDLDHPGFTNQFLRITSH
-1,ICHDLDHLGVTNSFLILTEH
-1,LCHDLDHRGTTSSFQVESK-
-1,LCHDLDHRGVNNSYIARS--
-1,LCHDLDHPGMNNNFLTLIKH
-1,-CHDIDHRGTTNSFQSES--
-1,LSHDLDHRGTNNAFQLKTD-
-1,LCHDLDHRGKNNKFMLDTD-
-1,LCHDVDHRGTTNSFQLAS--
-1,LSHDLDHRGTNNSFQIKS--
-1,LCHDLDHEGTNNAFQAKT--
-1,LSHDLDHRGLNNTYIKRSEH
-1,MCHDIDHRGTNNSYQSVSK-
-1,MCHDIDHRGTTNSFQLQS--
-1,LCHDLDHRGVNNQFLVKT--
-1,LCHDLDHRGTNNLFQIES--
-1,LCHDLDHRGKTNQFLVKS--
-1,MCHDMDHRGTNNSFQVAS--
-1,LCXDLDHRGTNNAFQAKS--
-1,LCHDLDHRGTNNDYEVKT--
-1,LCHDLDHRGYNNKFM-----
-1,LCHDLDHRGRDNSYQRK---
-1,LCHDLDHRGKNNKFMCDTE-
-1,LCHDLDHRGTDNKFQKLT--
-1,LCHDMDHPGLNNAFLINTRH
-1,LCHDIDHRGYNNAYQ-----
-1,-CHDLDHRGTTNSYQTQS--
-1,LSHDLDHRGTNNAFQAKVD-
-1,LCHDIDHRGINNLYQMKS--
-1,LCHDLDHRGKTNAFMVQS--
-1,VCHDIDHRGTNNQFQMAS--
-1,LSHDLDHRGTNNAFQAKAD-
-1,ICHDLDHRGKNNAYMKSME-
-1,LCHDVDHPGYNNSFLALRQH
-1,LCHDVDHRGTNNLYQMKS--
-1,ICHDVDHPGFTNNYMRQISH
-1,LCHDVDHPGYNNNFLTLCKH
-1,LCHDLDHRGYNNKYLKDTK-
-1,ICHDVDHRGYNNAFFSKMD-
-1,LCHDLDHRGKTNKFMLDTE-
-1,LCHDLDHRGRNNKFMLDTD-
-1,LCHDLDHRGQNNQFQIK---
-1,LCHDLDHRGYTNKYMSET--
-1,LCHDLDHRGKNNSFM-----
-1,LCHDLDHRGRNNAFMVNS--
-1,LCHDLDHRGYTNQYMSET--
-1,LCHDLDHRGKNNAFMVNT--
-1,LSHDLDHRGTNNSFQIKT--
-1,LCHDLDHRGYNNAFEIMT--
-1,ICHDLDHPGTSNSFQIQYK-
-1,-CHDIDHRGTNNLYQVKS--
-1,ICHDLDHPGLTNSFQSNS--
-1,ICHDIDHRGTNNQFQ-----
-1,ICHDADHPGLNNSFQLKAD-
-1,LCHDLDHRGKTNQFMVQS--
-1,LCHDLDHRGTNNAFHLQSK-
-1,LCHDLDHRGKNNKFLLDTD-
-1,LCHDLDHRGFNNNYL-----
-1,LCHDLDHPGFTNQFLNFTNH
-1,LCHDIDHRGRDNAFQAKT--
-1,LCHDIDHRGTNNMFQMIS--
-1,LCHDLDHSGFTNRYPQKF--
-1,LCHDVDHPGFTNNFLQMTK-
-1,ICHDLDHRGFNNKFM-----
-1,LCHDLDHRGFNNNYL-----
-1,LCHDLDHGGYTNNFLQLND-
-1,LCHDIDHPGFTNNFLQ----
-1,-CHDIDHRGTNNLYQMKF--
-1,LCHDLDHRGYTNKFM-----
-1,VCHDLDHRARSNQFLQKTSH
-1,ICHDLDHRGFSNEFFRKT--
-1,ICHDIDHRALSNPFLQKSD-
-1,LCHDLDHRGKNNKFMLES--
-1,-CHDIDHRGTNNLFQTKS--
-1,ICHDIDHRGLTNSFHAKF--
-1,ICHDLDHRGYTNKYMSET--
-1,LCHDLDHRGKSNMFMVKS--
-1,LCHDLDHPGYNNTFMVDS--
-1,LCHDLDHPGYNNAYMVDS--
-1,LCHDVDHPGVNNAFLRASLH
-1,ICHDLDHRGTDNKFQRLT--
-1,MCHDIDHRGTNNQFQLET--
-1,LCHDLDHRGTTNQFLIHS--
-1,LCHDLDHRGRDNSFLRK---
-1,LCHDLDHRGKNNAYMK----
-1,ICHDLDHPGYNNAYQINAK-
-1,LCHDLDHPGYNNAYQ-----
-1,LCHDIDHRGINNPFQER---
-1,LCHDIDHRGFNNHYQCLS--
-1,LCHDVDHPGLTNSFLVTINH
-1,LCHDLDHRGTDNKFQK----
-1,-CHDLDHRGTNNAFHVKT--
-1,LSHDLDHRGTTNNFQVMTE-
-1,LCHDLDHRGTNNLFQ-----
-1,LCHDLDHPGQNNLFQIKSK-
-1,LCHDLDHRGKTNQYMIQS--
-1,LSHDLDHRGTNNSFQVK---
-1,LCHDLGHPGKNNTFMINTKH
-1,ICHDLDHPGFNNAYQINAK-
-1,LCHDIDHRGLTNNFLKLT--
-1,MCHDLDHRSYTNNFLRITNH
-1,LCHDLDHRGKTNKFLLDTE-
-1,LCHDLDHRGKNNQFMAIS--
-1,LCHDLDHRGRTNSWMKK---
-1,ICHDLDHRGKNNAFMK----
-1,LSHDLDHRGTTNNYQIMSE-
-1,LSHDLDHRGTTNAFQAKS--
-1,LCHDIDHRGTNNHFQ-----
-1,LCHDLDHPGYNNTYMVDS--
-1,LCHDLDHRGRDNSYLRK---
-1,LSHDLDHRGTNNQFQIKT--
-1,MCHDIDHRGTTNQFQVHS--
-1,ICHDLDHPGFNNAYQ-----
-1,VCHDLDHPGYNNSYQ-----
-1,LCHDIDHRGTSNKFQ-----
-1,ICHDLDHRGKNNAYMK----
-1,ICHDLDHPGYNNTYQINAK-
-1,LCHDADHPGLNNSFQAK---
-1,VCHDIDHRGYNNDFFKK---
-1,LCHDLDHRGVNNQFLNRS--
-1,LSHDLDHRGTNNNFQVMIE-
-1,VCHDLDHPGVNNDFLAKSK-
-1,MCHDIDHRGTTNQFQLLQD-
-1,LCHDLDHRGKTNQFLINS--
-1,LCHDLDHRGKSNSFM-----
-1,ICHDMDHRGLTNSFHAKF--
-1,LCHDINHRGTNNLYQMKS--
-1,-CHDIDHRGTNNLYQTKQE-
-1,LCHDLDHPGYTNSFL-----
-1,LCHDLDHRGRNNAYMK----
-1,-CHDMDHRGTNNAFQLQS--
-1,-CHDMDHRGTTNAFQVQS--
-1,ICHDIDHRGFSNEFYRLMD-
-1,LSHDLDHRGTNNSYQLSTD-
-1,LCHDLDHRGKNNKFM-----
-1,LCHDLDHKGYTNNFLQ----
-1,LCHDLDHRGRDNSYLRK---
-1,ISHDLDHRGTNNAFQTKS--
-1,IGHDIDHPGYNNAFLVKSRH
-1,ICHDLSHPGVSNAFLSASEH
-1,ICHDLDHRGKSNSYMK----
-1,VCHDVDHRGFNNQFLQLIK-
-1,ICHDLDHRGKNNQYMK----
-1,ICHDLDHPGFNNTYQ-----
-1,LCHDLDHRGKTNQFLVSF--
-1,LCHDIDHRGTSSSFQVSS--
-1,LCHDLDHRGRNNKFM-----
-1,LCHDRDHRGFTKSYLQKF--
-1,-CHDMDHPGITNNFLKATSH
-1,VCHDLDHRGYNNTYFKEF--
-1,ICHDLDHRGKNNEYMK----
-1,LCHDLDHRGKTNKFM-----
-1,LCHNLDHRDFSSSYLQKFNH
-1,-CHDVDHRGTNNLYQVKS--
-1,LSHDLDHRGTNNQFQLKT--
-1,LCHDLDHRGYTNKYL-----
-1,ICHDVDHRGYNNEFFKK---
-1,LCHDLDHRGYTNQYL-----
-1,LCHDIDHPGFTNSYLIR---
-1,LCHDLDHGGFTNNFLELTK-
-1,LCHDLDHPGYNNVYQ-----
-1,LCHDLDYRGTTNQFLLESD-
-1,LCHDIDHPGSTNSYQIIS--
-1,-CHDLDHRGTSNTYQTQS--
-1,ICHDLDHPGLTNSYQ-----
-1,LCHDLDHRGKSNAYMK----
-1,ICHDVDHRGKNNAFMLQTK-
-1,-CHDIDHRGTNNAFLIR---
-1,LCHDVDHRGTNNIFQTRY--
-1,LGHDLDHRGTTNSFQVK---
-1,LCHDVDHPGFTNNFLELS--
-1,VCHDLDHRGYNNVFYEEF--
-1,VCHDLDHRGYNNVFYEQTK-
-1,LCHDLDHRGKSNKFMLDS--
-1,-CHDIDHRGTNNLYQTK---
-1,LCHDLDHRGKTNQFLVHS--
-1,--HDIDHPGFNNNFLVKSHH
-1,VCHDLDHPGYNNTYQ-----
-1,VCHDLDHPGFNNTYQ-----
-1,-CHDLDHRGISNSYQTQT--
-1,LCHDLDHRAKTNAYMVNSK-
-1,LCHDCDHPGLNNTFQVK---
-1,ICHDLDHPGLSNHYQRKAK-
-1,LSHDLDHRGTNNQFQIRT--
-1,VCHDLDHPGYSNSYQ-----
-1,ICHDCDHPGLNNDFQKK---
-1,LCHDLDHRGKDNAYMK----
-1,LFHDIDHPGYNNNFLHLTRH
-1,VCHDVDHRGYNNDFFKK---
-1,LCHDVDHPGFTNNFLESS--
-1,LCHDLDHKGFTNNFLLLT--
-1,LCHDLDHRGRSNKFMLDS--
-1,LCHDIDHPGVTNSFLMR---
-1,ICHDLDHPGYNNIYQ-----
-1,-CHDIDHRGTNNLYKTKS--
-1,LSHDLDHRGTDNQFQVKT--
-1,LSHDLDHRGTNNQFQIQT--
-1,LCHDIDHPGVTNSYLIR---
-1,ICHDLDHQGYNNMFMKTMK-
-1,LCHDLDHRGKNNEWMK----
-1,-CHDLDHRGMSNSYMAQT--
-1,VCHDIDHRGLNNRFM-----
-1,ICHDLDHRGYNNMGMKNID-
-1,-CHDLDHRGTSNSF------
-1,ICHDLDHTGYNNAYQ-----
-1,LCHDMDYRGTTNQFLLESD-
-1,LCHDLDHPGYSNVYQ-----
-1,VCHDLDHPGYNNVYQ-----
-1,VCHDLDHPGFNNMYQ-----
-1,VCHDLDHPGYNNMYQ-----
-1,IIHDIDHRGYNNAFMIK---
-1,MCHDCDHPGLNNDFQKK---
-1,IVHDIDHRGFNNAFMIK---
-1,LSHDLDHRGTNNTFEKKY--
-1,LVHDLDHRGTTNSFQ-----
-1,LLHDIDHRGTNNLYQMKS--
-1,IAHDVDHRAFSNQYLQKIEH
-1,-CHDMDHRGANNLYQMKS--
-1,LCHDLDHRGFSNSYLQKFDH
-1,LCHDLDHRGTNNSFQMKSNH
-1,LCHDLDHRGTNNAFQKSTNH
-1,LCHDLDHRGTNNAFQIKTD-
-1,LCHDLDHRGTNNAFQMKTE-
-1,LCHDIDHRGVNNAFLLKTQH
-1,LCHDIDHRGVNNAFLLKTQH
-1,LCHDLDHRGTNNAFQVKSE-
-1,LCHDLDHRGTNNAFQTKTE-
-1,LCHDLDHRGTNNAFQTKTE-
-1,LCHDLDHRGTNNAFQTKTE-
-1,LCHDLDHRGTNNAFQTKTE-
-1,LCHDLDHRGTNNAFQTKTE-
-1,LCHDLDHRGTNNAFQTKTE-
-1,LCHDLDHRGTNNAFQTKTE-
-1,LCHDLDHRGTNNAFQTKTE-
-1,LCHDLDHRGTNNAFQTKTE-
-1,LCHDLDHRGTNNAFQTKTE-
-1,LCHDLDHRGTNNAFQTKTE-
-1,LCHDLDHRGTNNAFQTKTE-
-1,LCHDLDHRGTNNAFQTKTE-
-1,LCHDLDHRGTNNAFQTKTE-
-1,LCHDLDHRGTNNAFQTKTE-
-1,LCHDLDHRGTNNAFQTKTE-
-1,LCHDLDHRGTNNAFQTKTE-
-1,LCHDLDHRGTNNAFQTKTE-
-1,LCHDLDHRGTNNAFQTKTE-
-1,LCHDLDHRGTNNAFQTKTE-
-1,LCHDLDHRGTNNAFQTKTE-
-1,LCHDLDHRGTNNAFQTKTE-
-1,LCHDLDHRGTNNAFQTKTE-
-1,LCHDLDHRGTNNAFQTKTE-
-1,LCHDLDHRGTNNAFQTKTE-
-1,LCHDLDHRGTNNAFQTKTE-
-1,LCHDLDHRGTNNAFQTKTE-
-1,LCHDLDHRGRNNAFQAKIEH
-1,LCHDLDHRGTNNAFQQKT--
-1,LCHDLDHRGTNNAFQTKTD-
-1,LCHDLDHRGTNNAFQTKTD-
-1,LCHDLDHRGTNNAFQTKTD-
-1,LCHDLDHRGRNNAFQAKIEH
-1,LCHDLDHRGVNNSFIKRTEH
-1,LCHDLDHRGRNNAFQAKIEH
-1,LCHDLDHRGTNNAFQTKTD-
-1,LCHDLDHRGTNNAFQTKTD-
-1,LCHDLDHRGTNNAFQLKTD-
-1,LCHDLDHRGTNNSFQIKT--
-1,ICHDIDHRGVNNAFLMKTSH
-1,LCHDLDHRGTNNAFQSKTD-
-1,LCHDLDHRGTNNSFQQKT--
-1,LCHDLDHRGYNNSFQVKTR-
-1,LCHDLDHRGYNNAFQVKT--
-1,LCHDLDHRGYNNAFQVKT--
-1,LCHDLDHRGTNNAFQSKTD-
-1,LCHDLDHRGTNNAFQSKTD-
-1,LCHDLDHRGTNNAFQSKTD-
-1,LCHDLDHRGTNNAFQSKTD-
-1,LCHDLDHRGTNNTFQVKSE-
-1,LCHDLDHRGTNNTFQTKTE-
-1,LCHDLDHPGLNNAFQIKT--
-1,LCHDLDHRGTNNAFQQKS--
-1,LCHDLDHRGTNNAFQVKS--
-1,LCHDLDHPGFNNAFQINT--
-1,LCHDLDHPGTNNSFQRKT--
-1,LCHDLDHRGTNNAFQLKT--
-1,LCHDLDHRGTNNTFQIKSE-
-1,LCHDLDHRGTNNQFQIKT--
-1,LCHDLDHRGTNNAFQQKS--
-1,LCHDLDHPGLNNAYQVKTE-
-1,LCHDLDHRGTNNAFQQKS--
-1,LCHDLDHRGTNNAFQIKS--
-1,LCHDLDHRGTNNSFQVQSE-
-1,LCHDLDHRGTNNSFQIKS--
-1,LCHDVEHPGTNNAFLVSTKH
-1,LCHDLDHRGTNNSFQVKS--
-1,LCHDLDHRGTNNSFQVKS--
-1,LCHDLDHRGTNNSFQIKS--
-1,LCHDLDHRGTNNAFQAKT--
-1,LCHDLDHRGTNNSFQIKS--
-1,LCHDLDHRGTNNSFQIKS--
-1,LCHDLDHRGTNNSFQVKS--
-1,LCHDLDHRGTNNSFQVKS--
-1,LCHDLDHRGTNNSFQVKS--
-1,LCHDLDHRGYNNNFVQLTKH
-1,LCHDLDHRGTNNAFQAKT--
-1,LCHDLDHRGTNNAFQAKT--
-1,LCHDLDHRGTNNSFQVASK-
-1,LCHDLDHRGTNNSFQIKS--
-1,LCHDLDHRGTNNSFQIKS--
-1,LCHDLDHRGTNNAFQAKT--
-1,LCHDLDHRGTNNTFQVKT--
-1,LCHDLDHRGTNNSFQVASK-
-1,LCHDLDHRGTNNAFQAKSD-
-1,LCHDLDHRGTNNAFQKTANH
-1,LCHDLDHRGTNNSFQVKAD-
-1,LCHDIGHGGVNNAFLQKTKH
-1,-CHDLDHRGTNNAFQTKTE-
-1,LCHDLDHRGVNNSYIQRSDH
-1,LCHDIGHGGVNNAFLQKTKH
-1,ICHDIDHRGVNNAFLLRTQH
-1,LCHDLDHRGKNNDFQTKIEH
-1,LCHDLDHRGTNNSFQVKAD-
-1,LCHDIDHRGTNNSFQISSK-
-1,-CHDLDHRGTNNAFQTKTE-
-1,-CHDLDHRGTNNAFQTKTE-
-1,LCHDLDHRGTNNQFQINT--
-1,LCHDLDHRGTNNQFQKKT--
-1,LCHDLDHRGTNNSYQTKTD-
-1,-CHDLDHRGTNNAFQTKTE-
-1,LCHDLDHRGTNNSYQTKTD-
-1,LCHDLDHRGTNNSFQVKAD-
-1,LCHDLDHRGTNNAFQTKS--
-1,LCHDLDHRGTNNAFQQLT--
-1,LCHDLDHRGTNNAFQVK---
-1,LCHDLDHRGTNNAFQSKVE-
-1,LCHDLDHRGTNNAFQSKVE-
-1,LCHDLDHRGTNNSFQTKS--
-1,ICHDMDHRGMNNAFLMKTNH
-1,LCHDMGHPGFNNAFLVESKH
-1,LCHDLDHRGTNNAFQVK---
-1,ICHDLDHPGTNNAFQVNSR-
-1,LCHDLDHRGTNNTFQLKSD-
-1,LCHDLDHRGTNNSFQTKS--
-1,LCHDLDHRGTNNTFQIKS--
-1,LCHDLDHRGTNNSFQKKS--
-1,LCHDLDHRGTNNTFQLNTD-
-1,LCHDLDHRGTNNDFQTKSE-
-1,LCHDLDHRGTNNAFQVK---
-1,LCHDLDHRGTNNAFQAKS--
-1,LCHDLDHRGTNNAFQSKVE-
-1,LCHDLDHRGTNNAFQSKVE-
-1,LCHDLDHRGTNNAFQTKVD-
-1,LCHDLDHRGTNNAFQSKVE-
-1,LCHDLDHRGTNNAFQSKVE-
-1,LCHDLDHRGTNNNFQLNTD-
-1,LCHDLDHRGTNNTFQLNTD-
-1,LCHDLDHRGTNNSFQTKIE-
-1,LCHDLDHRGTNNAFQSKVE-
-1,LCHDLDHRGTNNAFQSKIE-
-1,LCHDLDHRGTNNNFQVKS--
-1,LCHDLDHRGTNNAFQVK---
-1,LCHDLDHRGTNNAFQSKVE-
-1,LCHDLDHRGTNNAFQSKVE-
-1,LCHDLDHRGTNNAFQAKS--
-1,LCHDLDHRGTNNAFQAKS--
-1,LCHDLDHRGTNNAFQLKVD-
-1,LCHDLDHRGTNNAFQAKS--
-1,LCHDLDHRGTNNAFQVK---
-1,LCHDLDHRGTNNAFQAKS--
-1,LCHDLDHRGTNNAFQAKS--
-1,LCHDLDHRGTNNAFQAKS--
-1,LCHDLDHRGTNNTFQLNTD-
-1,LCHDLDHRGTNNNFQLNTD-
-1,LCHDLDHRGTNNTFQLNTD-
-1,LCHDLDHRGTNNTFQLNTD-
-1,LCHDLDHRGTNNAFQAKS--
-1,LCHDLDHPGLTNRFLVATDH
-1,ICHDLDHPGTNNAFQVNS--
-1,LCHDIDHPGTNNAFEIASE-
-1,LCHDLDHRGTNNSYQIKS--
-1,LCHDLDHRGTNNSFQIK---
-1,LCHDLDHRGTNNSFQIK---
-1,LCHDLDHRGTNNTFQSKSD-
-1,LCHDLDHRGTNNTFQSKSD-
-1,LCHDLDHRGTNNAFQTKMD-
-1,LCHDLDHRGTNNSFQIK---
-1,LCHDLDHRGTNNSFQIK---
-1,LCHDLDHRGTNNSYQIKS--
-1,ICHDLDHPGTNNAFQVNS--
-1,LCHDLDHRGTNNSFQIK---
-1,LCHDLDHRGTNNSFQIK---
-1,LCHDLDHRGTNNNFQVLSE-
-1,LCHDLDHRGTNNSFQIK---
-1,LCHDLDHRGTNNAFQSKVD-
-1,LCHDLDHRGTNNSFQVAS--
-1,LCHDLDHRGTNNSFQIK---
-1,LCHDLDHRGTNNAFQTKMD-
-1,LCHDLDHRGTNNSYQIKS--
-1,LCHDLDHPGYNNNFLMLCKH
-1,LCHDLDHRGTNNSYQIKS--
-1,LCHDLDHRGTNNSFQLTSK-
-1,LCHDLDHRGTNNSFQIK---
-1,LCHDLDHRGTNNSFQIK---
-1,LCHDLDHRGTNNSFQSKS--
-1,LCHDLDHRGTNNSFQIK---
-1,LCHDLDHRGTNNSYQIKS--
-1,LCHDLDHRGTNNSFQIK---
-1,LCHDLDHRGTNNTFQSKSD-
-1,LCHDLDHRGTNNSYQIKS--
-1,LCHDLDHRGTNNSFQIK---
-1,LCHDLDHRGTNNTFQVKVD-
-1,LCHDLDHRGTNNSYQIKS--
-1,LCHDLDHRGTNNSFQIK---
-1,LCHDLDHRGTNNSFQLAT--
-1,LCHDLDHRGTNNSYQIKS--
-1,LCHDLDHRGTNNSFQIK---
-1,LCHDLDHRGTNNSFQIK---
-1,LCHDLDHRGTNNSFQIK---
-1,LCHDLDHRGTNNSFQIK---
-1,LCHDLDHRGTNNSFQIK---
-1,LCHDLDHRGTNNSFQIK---
-1,LCHDLDHRGTNNSFQVK---
-1,LCHDLDHRGTNNSFQIK---
-1,LCHDLDHRGTNNSFQIK---
-1,LCHDLDHRGTNNSFQIK---
-1,LCHDLDHRGTNNSFQIK---
-1,LCHDLDHRGTNNSFQIK---
-1,LCHDLDHRGTNNSFQIK---
-1,LCHDLDHRGTNNSFQIK---
-1,LCHDLDHRGTNNSFQIK---
-1,LCHDLDHRGTNNSFQIK---
-1,LCHDLDHRGTNNSFQIK---
-1,LCHDLDHRGTNNSFQIK---
-1,LCHDLDHRGTNNSFQIK---
-1,LCHDLDHRGTNNSFQIK---
-1,LCHDLDHRGTNNSFQIK---
-1,LCHDLDHRGTNNSFQIK---
-1,LCHDLDHRGTNNSFQIK---
-1,LCHDLDHRGTNNSFQIK---
-1,LCHDLDHRGTNNSFQIK---
-1,LCHDLDHRGTNNSFQIK---
-1,LCHDLDHRGTNNSFQIK---
-1,LCHDLDHRGTNNSFQIK---
-1,LCHDLDHRGTNNSFQIK---
-1,LCHDLDHRGTNNSFQIK---
-1,LCHDLDHRGTNNSFQIK---
-1,LCHDLDHRGTNNSFQIK---
-1,LCHDLDHRGTNNQFQIK---
-1,LCHDLDHRGTNNNFQMLSE-
-1,LCHDIDHRGTNNSFQISS--
-1,-CHDLDHRGTNNTFQLKTE-
-1,LCHDIDHRGTNNSFEINSK-
-1,LCHDLDHRGTNNQFQSKAE-
-1,LCHDLDHRGTNNSYQLATD-
-1,LCHDLDHRGTNNSYQLATD-
-1,LCHDIDHRGTNNAFQQVS--
-1,LCHDIDHRGTNNAFQQVS--
-1,LCHDIGHPGFNNPFLVETSH
-1,LCHDIDHRGTNNSFQISAE-
-1,LCHDIGHPGFNNPFLVETSH
-1,LCHDLDHRGTNNSFQSKID-
-1,LCHDLDHRGTNNNFQMLSE-
-1,VCHDLDHRGTNNAFQAKT--
-1,LCHDIGHPGFNNPFLVETSH
-1,LCHDIGHPGFNNPFLVETSH
-1,LCHDLDHRGKNNAFQEKT--
-1,VCHDLDHRGTNNAFQAKT--
-1,MCHDLDHRGTNNSFQVASK-
-1,MCHDLDHRGTNNSFQVASK-
-1,MCHDLDHRGTNNSFQVASK-
-1,MCHDLDHRGTNNSFQVASK-
-1,MCHDLDHRGTNNSFQVASK-
-1,LCHDIDHRGTNNSFQVAS--
-1,MCHDLDHRGTNNSFQVASK-
-1,MCHDLDHRGTNNSFQVASK-
-1,LCHDLDHRGTNNQYQVASK-
-1,MCHDLDHRGTNNSFQVASK-
-1,MCHDLDHRGTNNSFQVASK-
-1,LCHDLDHPGYNNAYQVGT--
-1,LCHDLDHRGTNNAFQSK---
-1,LCHDMDHPGTNNSFQQK---
-1,LCHDLDHPGFNNAFMVDS--
-1,LCHDMDHPGTNNSFQQK---
-1,LCHDLDHRGTNNKFQAKAK-
-1,VCHDVDHPGTNNAFQVNT--
-1,LCHDLDHPGVNNDFLINSK-
-1,LCHDLDHRGTNNTFQISS--
-1,LCHDLDHRGTNNQFQMK---
-1,LSHDLDHRGTNNAFQAKIEH
-1,LCHDIDHRGTNNQFQLET--
-1,LCHDIGHPGFNNGFLIDTGH
-1,LCHDLDHRGTNNKFQAKAK-
-1,ICHDVDHPAVNNAFVMKTKH
-1,-CHDLDHRGTNNSFQIKS--
-1,LCHDLDHRGTNNKFQAKAK-
-1,LCHDLDHRGTNNSYQMAT--
-1,LCHDLDHRGTNNTFQVAS--
-1,LCHDLGHPGLNNPFLIETSH
-1,LCHDIDHRGTNNQFQLET--
-1,LCHDLDHRGTNNTFQISS--
-1,LCHDLDHRGTNNSFQLK---
-1,LCHDLDHRGTNNSYQMAT--
-1,LCHDLDHRGTNNAFQEK---
-1,LCHDLDHRGTNNTFQISS--
-1,LCHDLDHRGTNNTFQISS--
-1,LCHDLDHRGTNNAFQAK---
-1,LCHDLDHRGTNNKFQAKAK-
-1,LCHDIDHRGTNNKYQVATD-
-1,LCHDLDHRGTNNAFQSK---
-1,ICHDLDHRGTNNAYQIKS--
-1,LCHDLDHRGYSNAYLQKFDH
-1,LCHDLDHRGTNNAFQSK---
-1,LCHDIDHRGTNNAFQVCS--
-1,LSHDLDHRGTNNAFQAKIEH
-1,LCHDLDHRGTNNAFQSK---
-1,LCHDLDHRGTNNAFQESS--
-1,LCHDLDHRGTNNAFQSK---
-1,LSHDLDHRGTNNAFQAKIEH
-1,LCHDLDHRGTNNNFQTLSE-
-1,LCHDLDHRGTNNKFQAKAK-
-1,LCHDLDHRGTNNSFQEKAR-
-1,LCHDIDHRGTNNTFQLQSK-
-1,LCHDLDHRGTNNKFQAKAK-
-1,LCHDLDHRGTNNTFQVES--
-1,LCHDLDHRGTNNKFQAKAK-
-1,LCHDLDHRGTNNSYQMAT--
-1,LCHDLDHRGTNNAYQEKS--
-1,LCHDLDHRGTNNAFQSK---
-1,LGHDLDHPGVNNAFLINSEH
-1,LCHDLDHRGFSNSYLQKFDH
-1,LCHDIDHRGTTNSFQISSK-
-1,LCHDVDHRGTNNAFLSDTE-
-1,LCHDIGHPGYNNNFLVETMH
-1,LCHDLDHRGFSNSYLQKFDH
-1,LCHDVGHPGFNNPFLVETSH
-1,LCHDLDHRGTNNIFQVRS--
-1,LCHDLQHPGLNNNFLINTQH
-1,LCHDLQHPGLNNNFLINTQH
-1,LCHDIGHPGLNNPFLVETSH
-1,LCHDVDHRGTNNAFLSDTE-
-1,LCHDVGHPGVNNPFLVDTSH
-1,LCHDLDHRGTNNSYQLAT--
-1,LCHDLDHPGYNNAYQVNAR-
-1,LCHDLDHPGYNNAYQINAR-
-1,LCHDLDHRGTNNSYQTKVD-
-1,LCHDIDHRGTNNSFQLQS--
-1,LCHDLDHRGTNNSYQISS--
-1,LCHDLDHRGTNNSYQTKVD-
-1,LCHDLDHRGTNNSYQTKVD-
-1,LCHDLDHRGTNNSYQTKVD-
-1,LCHDLDHRGSNNAFQSKVE-
-1,LCHDLDHPGYNNAYQVNAR-
-1,LCHDMDHPGTNNSFQKNS--
-1,LCHDLDHRGTNNSYQTKVD-
-1,LCHDLDHRGTNNSYQTKVD-
-1,LCHDLDHRGTNNSYQTKVD-
-1,LCHDIDHRGTNNSFQTK---
-1,LCHDIDHRGLNNSFQQLT--
-1,LCHDLDHRGTNNSYQLAT--
-1,LCHDLDHRGTNNSYQLAT--
-1,LCHDLDHRGTNNSYQTKVD-
-1,LCHDIDHRGTTNSFQVQSK-
-1,LCHDIDHRGTNNSFQTK---
-1,LCHDLDHRGTNNSYQTKVD-
-1,LCHDLDHRGTNNSYQTKVD-
-1,LCHDLDHRGTNNSYQISS--
-1,LCHDIDHRGTTNSFQVQSK-
-1,LCHDLDHRGRNNHFMIITHH
-1,LCHDLDHRGYSNSYLQKFDH
-1,LCHDLDHRGYSNSYLQKFDH
-1,LCHDLDHRGRTNDFQAKIEH
-1,LCHDLDHRGYSNSYLQKFDH
-1,LCHDIDHRGTNNLYQMNTK-
-1,LCHDLDHRGTNNSYQTKVD-
-1,LCHDLDHPGLTNSFQMATE-
-1,LCHDLDHRGYSNSYLQKFDH
-1,LCHDLDHRGFSNSYLQKFDH
-1,LCHDLDHRGTNNSYQTKVD-
-1,LCHDLDHRGTNNSYQTKVD-
-1,LCHDLDHRGTNNSYQTKVD-
-1,LCHDLDHRGTNNSYQTKVD-
-1,LCHDLDHRGTNNSYQTKVD-
-1,LCHDLDHRGFSNSYLQKFDH
-1,LCHDLDHRGFSNSYLQKFDH
-1,LCHDLDHRGTNNSYQTKVD-
-1,LCHDLDHRGFSNSYLQKFDH
-1,LCHDIDHRGTTNSFQVQSK-
-1,LCHDIDHRGTNNSFQTK---
-1,LCHDIDHRGTNNSFQSAS--
-1,LCHDLDHRGTNNAFQ-----
-1,MCHDLDHRGTNNSFQVAS--
-1,LCHDLDHPGRNNAFLVDS--
-1,LCHDLDHRGLNNIFQVKS--
-1,MCHDLDHRGTNNSFQVAS--
-1,LCHDLEHPGVNNQFLVKSK-
-1,MCHDLDHRGTNNSFQVAS--
-1,LCHDLDHRGLNNIFQVKS--
-1,LCHDLGHPGFNNAFLVESE-
-1,MCHDLDHRGTNNSFQVAS--
-1,ICHDLDHPGYNNAYQINAK-
-1,LCHDLGHPGTNNSFQQK---
-1,ICHDLDHPGYNNAYQVNAK-
-1,ICHDLDHPGYNNAYQINAK-
-1,LCHDLDHRGTNNSYQLVT--
-1,LCHDLGHPGVNNVFLTETAH
-1,ICHDLDHPGYNNAYQINAK-
-1,LCHDIGHGGVNNAFLEKTNH
-1,LCHDLDHRGTNNSYQLVT--
-1,LCHDLDHRGTNNSFMNKAD-
-1,ICHDLDHPGYNNAYQVNAK-
-1,LCHDIDHRGTTNAFQVQSR-
-1,ICHDLDHPGYNNAYQINAK-
-1,LCHDLDHRGTNNSYQKQSR-
-1,MCHDLDHRGTNNSFQVAS--
-1,ICHDLDHPGYNNAYQINAK-
-1,LCHDIDHRGTTNAFQLQSK-
-1,LCHDIGHPGFNNPYLVETSH
-1,LCHDIDHRGTTNAFQLQSK-
-1,LCHDIDHRGTTNAFQLQSK-
-1,ICHDMDHRGLNNNFIQMTKH
-1,VCHDLDHRGRNNQFMKTTNH
-1,LCHDVGHPGRNNAFLTSTSH
-1,LCHDIDHRGTTNAFQLQSK-
-1,ICHDLDHPGYNNAYQINAK-
-1,ICHDLDHPGYNNAYQINAK-
-1,LCHDIDHRGTTNAFQVQSR-
-1,LCHDLDHRGTNNAFHLQSK-
-1,LCHDIDHRGTTNAFQVQSR-
-1,LCHDIDHRGTTNAFQLQSK-
-1,LCHDIDHRGTTNAFQVQSR-
-1,LCHDVDHPGLNNNFQINT--
-1,LCHDLDHPAFTNSFMIASDH
-1,LCHDVDHPGLNNNFQINT--
-1,LCHDLDHRGTNNSYQLVT--
-1,LCHDLDHPGVNNAYLVNS--
-1,LCHDIDHRGTTNAFQLQSK-
-1,LCHDLDHRGRNNAFMVNS--
-1,LCHDIDHRGTNNSYQLAT--
-1,ICHDLDHPGFNNAYQINAK-
-1,LCHDIDHRGTTNAFQLQSK-
-1,LCHDIDHRGTTNAFQLQSK-
-1,LCHDLDHRGTNNNFQVLME-
-1,LCHDIDHRGTTNAFQLQSK-
-1,MCHDLDHRGTNNSFQVAS--
-1,MCHDLDHRGTNNSFQVAS--
-1,LCHDIDHRGTTNAFQVQSR-
-1,LCHDIDHRGTTNAFQVQSR-
-1,LCHDIDHRGTTNAFQVQSR-
-1,LCHDIDHRGTTNAFQLQSK-
-1,LCHDIDHRGTTNAFQLQSK-
-1,LCHDIDHRGTTNAFQLQSK-
-1,LCHDIDHRGTTNAFQLQSK-
-1,-CHDLDHRGTNNAFQTKYE-
-1,LCHDLDHPGYNNAYQV----
-1,LCHDLDHRGTNNSYQTK---
-1,LCHDLDHRGTNNSYQTK---
-1,VCHDIGHPGFNNPFLVETSH
-1,LCHDIDHRGRNNAFEIMTR-
-1,LCHDIDHPGLNNSYQINS--
-1,LCHDIGHPGTNNSFQQK---
-1,MCHDIGHPGTNNAFQVNT--
-1,LCHDIDHRGRNNAFEIMTR-
-1,--HDIDHRGVNNAFLVKTRH
-1,LCHDLEHPGLNNAYQIKSD-
-1,LCHDLDHRGQNNIFQVKS--
-1,LAHDIGHPGVNNAFLVKTRH
-1,LCHDIDHRGTTNAFQVQS--
-1,LCHDLDHPGFNNNFMIES--
-1,LCHDLDHRGQNNIFQVKS--
-1,ICHDLGHPGVNNVFLMETGH
-1,LCHDLDHPGFNNTFMIES--
-1,LCHDLDHRGQNNIFQVKS--
-1,LCHDLDHPGNNNAFEVATR-
-1,ICHDIDHPGVNQAFLIKTK-
-1,LCHDIDHRGTTNSFQLQSK-
-1,LCHDIDHRGTTNSFQLQSK-
-1,VCHDLDHPGYNNAYQINAK-
-1,LCHDIDHRGTTNSFQLQSK-
-1,LCHDIGHPGFTNSFQINTK-
-1,LCHDVDHPGVNNNFLINT--
-1,LCHDIGHPGFTNSFQINTK-
-1,LCHDLEHPGVNNAFQVK---
-1,ICHDLDHPGTNNAYQINAR-
-1,LCHDIDHRGTTNSFQLQSK-
-1,VCHDLDHPGYNNAYQINAK-
-1,LCHDLDHRGTNNSYQTK---
-1,LCHDLDHPGFTNQFLNFTNH
-1,LCHDVDHRGTNNSFQTK---
-1,LCHDIDHRGTNNTFQTK---
-1,LCHDLDHPGFNNNYLSLCKH
-1,LCHDLDHPGFNNNYLALCKH
-1,ICHDIDHPGVNQAFLIKTK-
-1,LSHDLDHRGVNNSFIQRSEH
-1,LCHDVDHRGTNNSFLIRS--
-1,LSHDLDHRGVNNSFIQRSEH
-1,VCHDLDHRGTNNSFQTSSR-
-1,VCHDLDHRGTNNSFQTSSR-
-1,LCHDVDHRGYNNAFEIMTR-
-1,LAHDMGHPGVNNAFLVKTKH
-1,LCHDVDHRGYNNAFEIMTR-
-1,LCHDLDHRGTNNDYEVKT--
-1,LCHDVDHRGYNNAFEIMTR-
-1,LCHDIDHRGTNNSYQLVT--
-1,LCHDLEHPGVNNAFLVNT--
-1,ICHDIDHRGTNNQFQVSAK-
-1,ICHDIDHRGTNNQFQVSAK-
-1,ICHDIDHRGTNNQFQVSAK-
-1,ICHDIDHRGTNNQFQVSAK-
-1,LCHDIDHRGTTNSFQVSS--
-1,LCHDIDHRGTTNSYQIESE-
-1,LCHDLDHPGFTNSYLIQTE-
-1,VCHDIGHPGVNNDFLVQTSH
-1,LCHDIGHGGVNNAFLGKTNH
-1,LCHDVAHPGVNNPFLVDTSH
-1,MCHDIDHRGTNNQFQLET--
-1,LCHDLDHPGVTNSYLIQTE-
-1,LCHDIDHRGTTNSFQVQS--
-1,LCHDIDHRGTTNSFQVSS--
-1,LCHDIGHPGTNNSFQKNS--
-1,LCHDLDHPGLNNTFQIN---
-1,ICHDIGHPGMNNPFLIETSH
-1,MCHDLDHRGTNNNFQISS--
-1,MCHDLDHRGTNNTFQVAS--
-1,LCHDIDHRGTTNAFQLQSR-
-1,ICHDLDHPGYNNAYQINAR-
-1,LCHDLDHRGTNSSFEVNSK-
-1,MCHDLDHRGTNNNFQISS--
-1,MCHDLDHRGTNNTFQISS--
-1,ICHDLDHPGFNNTYQINSR-
-1,LCHDIDHRGTTNAFQLQSR-
-1,LCHDIDHRGTNNLYQMKS--
-1,LCHDIDHRGTNNNYQLAT--
-1,LCHDIGHPGVNNAFLVAT--
-1,MCHDLDHRGTNNTFQISS--
-1,LCHDLDHRGTNSAFEVSSE-
-1,LCHDIDHRGTTNSFQQQS--
-1,LCHDLDHRALSNQFLQKTSH
-1,LCHDIDHRGTNNNYQLAT--
-1,LCHDIDHRGTNNSFQ-----
-1,LCHDIDHRGTNNSFQ-----
-1,LCHDLDHRGKNNKFMLDTE-
-1,ICHDLDHPGFTNQFLRITSH
-1,LCHDIGHPGVNNAFLVAT--
-1,LCHDIDHRGTTNSFQVSS--
-1,LCHDIDHRGTNNLYQMKS--
-1,MCHDLDHRGTNNNFQISS--
-1,LCHDLDHRGKNNKFMLDTE-
-1,LCHDIDHRGTTNSFQIQS--
-1,LCHDLDHPGFTNSYLIQTE-
-1,LCHDLDHRGKNNKFMLETE-
-1,LCHDLDHRGKNNKFMLETE-
-1,LCHDLDHRGKNNKFMLDTE-
-1,LCHDIDHRGTNNLYQMKS--
-1,LCHDIDHRGTNNLYQMKS--
-1,LCHDIDHRGTNNNYQLAT--
-1,LCHDLDHRGKNNKFMLDTE-
-1,VCHDLDHRGTNNSFQTSS--
-1,LCHDLDHRGRNNAFQM----
-1,LCHDFQHPGVNNDFLVRTQH
-1,LCHDIDHRGTNNLYQMKS--
-1,LCHDIDHRGTTNSFQVQS--
-1,ICHDLDHPGFNNTYQINAK-
-1,VCHDIDHRGTNNQFQMAS--
-1,LCHDVDHRGFNNHFEVKSR-
-1,ICHDIGHPGQNNPFLVETSH
-1,LIHDYDHPGVNNKFLIETEH
-1,-CHDIGHPGVNNPFLVATTH
-1,LCHDLGHPGVNNSFLVRS--
-1,LCHDIGHPGVNNDFLVKT--
-1,LCHDIGHLGVNNAFLVATGH
-1,LCHDLGHPGVNNAFMTST--
-1,LCHDIDHRGTTNSYQIASD-
-1,LCHDLDHRGKNNKFMADTE-
-1,LCHDLDHRGQNNQFQKK---
-1,LCHDLDHRGTNSSFEVSSK-
-1,LCHDMDHPGVNNQFLIDVE-
-1,LCHDLEHPGLNNAFQMLT--
-1,LCHDCDHRGRNNAFEVRTR-
-1,LCHDVDHRGTNNSFQSLS--
-1,LCHDLDHPGLNNSYQIN---
-1,LCHDVGHPGRNNVFLINSSH
-1,LSHDLDHPGVNNAFLVNTK-
-1,LCHDLQHPGVNNNFLIQTE-
-1,VCHDLDHPGLNNRFQINIK-
-1,LSHDLDHPGVNNAFLVNTK-
-1,LCHDLGHPGVNNAFMTST--
-1,VCHDIGHPGLNNPFLVETSH
-1,VCHDLAHPGVNNVFLVETRH
-1,LSHDLDHPGVNNAFLVNTK-
-1,MCHDLDHRGTNNSYQISS--
-1,ICHDLDHPGFNNTYQINAK-
-1,ICHDLDHPGFNNAYQIN---
-1,VCHDIGHPGLNNPFLVETSH
-1,MCHDLDHRGTNNSYQISS--
-1,LCHDLGHPGVNNAFMTST--
-1,LCHDVDHRGTNNSFQSLS--
-1,LCHDIDHRGTTNSFQMQS--
-1,LCHDIGHPGVNNSFLVAT--
-1,LCHDIGHPGVNNSFLVAT--
-1,LCHDIDHPGNTNPFLKASEH
-1,LCHDIDHRGTTNAFQLQS--
-1,LCHDIDHRGTTNAFQLQS--
-1,LCHDVDHRGTNNQYQLAT--
-1,MCHDLDHRGTNNSYQISS--
-1,ICHDLDHPGFNNAYQIN---
-1,LCHDIDHRGLNNSFQQ----
-1,LCHDIDHRGTTNSFQMQS--
-1,LCHDVDHRGTNNQYQLAT--
-1,LCHDLDHRGKNNKFMSDTE-
-1,MCHDLDHRGTNNSYQISS--
-1,VCHDVGHPGYNNTFLVETSH
-1,MCHDLDHRGTNNSYQISS--
-1,ICHDLDHPGFNNAYQIN---
-1,LCHDIDHRGTTNSFQMQS--
-1,LCHDIDHRGTTNSFQMQS--
-1,LCHDIDHRGTTNSFQMQS--
-1,LSHDLDHRGTNNQFQIKT--
-1,LSHDLDHRGTNNQFQIKT--
-1,ICHDLGHPGLNNPFLVETHH
-1,LCHDVGHPGRNNAFQVAT--
-1,LSHDLDHPGVNNAFLVNTK-
-1,VCHDLGHPGLNNVFLIETSH
-1,ICHDLDHPGYNNAYQV----
-1,LCHDLDHPGYNNTYQV----
-1,LCHDLDHRGKTNAFMVKS--
-1,ICHDIGHPGLNNVFLVETAH
-1,LCHDIDHRGTTNSFQLQS--
-1,LCHDIGHPGVNNAFLVAS--
-1,LCHDLDHPGLNNQYLINS--
-1,MCHDLDHPGTNNNFQMN---
-1,LCHDVDHRGRNNAFEVMT--
-1,VCHDMGHPGVNNPFLVATAH
-1,LIHDYDHPGVNNKFLIVTEH
-1,LCHDIDHRGTTNQFQKLSD-
-1,ICHDISHPGLNNTFLVETGH
-1,ICHDIGHPGVNNPYLVATAH
-1,LCHDLDHRGKTNAFMVKS--
-1,-CHDVGHPGFNNTFLVETSH
-1,LCHDVDHPGFSNSFQINAE-
-1,LSHDLDHRGTNNSFQIKS--
-1,ICHDIDHPGVNQAFLIETK-
-1,LCHDADHPGLNNNFQINS--
-1,-CHDLDHRGTTNAFQVASR-
-1,LCHDLDHRGTNNNYLLAT--
-1,LCHDVGHPGVNNAFMVST--
-1,LIHDYDHPGVNNKFLIVTEH
-1,LCHDLDHRGTNNKFEGITK-
-1,LCHDLGHPGTNNMFQQK---
-1,LCHDLDHRGTNNSYHMAT--
-1,LCHDIGHPGFTNCFQINTK-
-1,LCHDIGHPGFTNCFQINTK-
-1,-CHDIGHPGLNNPFLVETSH
-1,LCHDLDHRGTNNSYHMAT--
-1,LVHDLSHPGFNNAFLKATKH
-1,LVHDLSHPGFNNAFLKATKH
-1,LVHDLSHPGFNNAFLKATKH
-1,LCHDIDHRGTNNSFENSS--
-1,VCHDLDHPGYNNSYQINAR-
-1,LIHDYDHPGVNNKFLIVTEH
-1,ICHDIDHPGFNNAYQIN---
-1,LCHDIDHRGTTNSFQLAS--
-1,LCHDADHPGLNNNFQINS--
-1,VCHDLDHPGFNNTYQVNAK-
-1,LCHDLDHRGTNNEFQ-----
-1,LCHDIGHPGVNNAFLVAS--
-1,LCHDIGHPGVNNAFLVAS--
-1,ICHDIGHPGLNNVFLVETAH
-1,LCHDLDHRGTNNSYHMAT--
-1,LSHDLDHRGTNNSFQIKS--
-1,LSHDLDHRGTNNSFQIKS--
-1,LSHDLDHRGVNNSYIQRSEH
-1,MCHDLNHPGFNNAFQVNS--
-1,LSHDLDHRGVNNSYIIRSEH
-1,LCHDIDHRGTNNMFQMIS--
-1,LCHDLDHRGKNNKFMLDSE-
-1,LSHDLDHRGVNNSYIQRSEH
-1,LSHDLDHRGTNNSFQIKS--
-1,LSHDLDHRGVNNSYIQRSEH
-1,LSHDLDHRGVNNSYIQRSEH
-1,LCHDVDHRGTNNLYQMKS--
-1,-CHDIDHRGTNNLFQMKS--
-1,LSHDLDHRGVNNSFIKRSDH
-1,VCHDIGHPGLNNGFLVETSH
-1,VCHDIGHPGLNNGFLVETSH
-1,LCHDLDHRGKTNAFMVKS--
-1,LSHDLDHRGVNNSYIQRSEH
-1,LCHDVGHPGTNNLFQVNT--
-1,LCHDLDHRGKTNAFMVKS--
-1,LSHDLDHRGVNNSYIQRSEH
-1,LCHDIDHRGTNNSFENSS--
-1,LSHDLDHRGVNNSYIQRSEH
-1,LSHDLDHRGVNNSYIQRSEH
-1,LCHDIDHRGTNNSFENSS--
-1,LCHDLDHRGKNNQFMVK---
-1,LCHDIDHRGTNNLYQMK---
-1,MCHDIGHPGLNNLFLVETGH
-1,ICHDIDHPGWNNAFETNSR-
-1,ICHDLDHPGFNNTYQINAR-
-1,LVHDIDHPGFNDAFLVTTRH
-1,LCHDLDHRGFNNKFMI----
-1,LSHDLDHPGVNNAFLVNTR-
-1,LCHDLDHPAYTNSFLIETE-
-1,LCHDVDHRGVNNAYLINVD-
-1,LCHDIDHRGLTNNFQVQT--
-1,LCHDMGHPGLNNAFLVESK-
-1,LCHDCDHRGRNNAFEVTTR-
-1,ICHDLDHRGFNNKFMIDIK-
-1,LCHDMGHPGTNNSFQQR---
-1,LCHDVDHPGLNNNFQIN---
-1,LCHDVDHPGLNNPFQCAT--
-1,LCHDYGHPGLNNPYLVETGH
-1,-CHDIGHPGMNNPFLVATTH
-1,VCHDIGHPGVNNGFLVEMEH
-1,LCHDLDHPGNNNAYEVAT--
-1,LCHDAGHEGFNNAFLNKTSH
-1,VCHDMGHPGLNNPFLIQTSH
-1,ICHDLDHPGLNNTYQINAK-
-1,LCHDCDHRGRNNAFEVTTR-
-1,LCHDVGHPGVNNNFLVNTR-
-1,LSHDLDHRGTNNQFQIRT--
-1,LCHDIDHPALNNKFLVATE-
-1,LCHDAGHEGFNNAFLKKTAH
-1,ICHDLDHRGFNNKFMIDIK-
-1,LCHDCDHRGRNNQFEVMTK-
-1,LCHDIDHRGLTNNFQVQT--
-1,LCHDLDHRGFNNKFMI----
-1,ICHDIDHRGRNNAFMIK---
-1,ICHDLDHPGLNNAYQIN---
-1,LCHDIDHRGTTNSYQVAS--
-1,LCHDAGHEGFNNAFLNKTSH
-1,ICHDLDHRGYNNKFMIDIK-
-1,LCHDLEHPGVNNLFLIKSR-
-1,LSHDLDHPGVNNAFLVNTR-
-1,LCHDLGHPGVNNAFMATT--
-1,LCHDLDHRGFNNKFMI----
-1,LCHDLDHRGFNNKFMI----
-1,ICHDLDHPGYNNTYQINAR-
-1,LCHDLDHRGTDNKFQKVT--
-1,LCHDVGHPGFNNAFHVNSE-
-1,ICHDLDHPGFNNTYQINAR-
-1,LCHDLDHRGTNSAFEISS--
-1,LCHDLDHRGFNNKFMI----
-1,ICHDLDHPGYNNTYQINAR-
-1,LCHDVGHPGVNNNFLVNTR-
-1,MCHDFGHPAVNNSFLIATKH
-1,ICHDLDHPGLNNNYQINS--
-1,ICHDLDHPGFNNTYQINAR-
-1,ICHDLDHRGYNNKFMIDIK-
-1,VCHDLDHPGMNNDYQQKAK-
-1,ICHDLDHPGYNNIYQINAK-
-1,ICHDLDHPGFNNTYQINAR-
-1,-CHDIGHPGLNNPFLVETTH
-1,ICHDLDHPGFNNTYQVNAR-
-1,ICHDLDHPGFNNTYQINAR-
-1,ICHDLDHPGYNNTYQINAR-
-1,ICHDLDHPGFNNTYQINAR-
-1,ICHDLDHPGFNNTYQINAR-
-1,ICHDLDHPGYNNTYQINAR-
-1,LCHDLDHRGTNSAFEVSS--
-1,ICHDLDHPGFNNTYQINAR-
-1,ICHDLDHPGYNNTYQINAR-
-1,ICHDLDHPGYNNTYQINAR-
-1,ICHDLDHPGFNNTYQINAR-
-1,ICHDLDHPGFNNTYQINAR-
-1,LCHDLDHRGFNNSYMTQS--
-1,LCHDLDHRGTNNTFNTAT--
-1,LCHDIDHRGTNNNYLLAT--
-1,ICHDLDHPGYNNTYQINAR-
-1,ICHDLDHPGYNNTYQINAR-
-1,ICHDLDHRGFNNAFFEKLHH
-1,ICHDIGHPGVNNAFLVAT--
-1,LCHDLDHRGFNNKFMI----
-1,LCHDLDHRGFNNKFMI----
-1,-CHDMDHRGTNNAFQLQS--
-1,ICHDLDHPGYNNTYQINAR-
-1,LCHDIDHRGTNNMFQTIS--
-1,-CHDMDHRGTNNAFQLQS--
-1,ICHDLGHPGVNNGFLVEVQH
-1,LCHDLDHRGFNNKFMI----
-1,LCHDLDHRGFNNKFMI----
-1,LCHDLDHRGKNNKFMLDT--
-1,LCHDLDHRGKNNKFMLDT--
-1,VCHDVGHPGLNNTFLIETSH
-1,LCHDLDHRGKTNSFMVKS--
-1,VCHDVGHPGLNNTFLIETSH
-1,ICHDLDHPGYNNTYQINAR-
-1,VCHDVGHPGLNNTFLIETSH
-1,MCHDIDHRGTNNSYQSVSK-
-1,LSHDLDHPGLNNAFLVNTK-
-1,LCHDLDHRGTDNKFQKLT--
-1,LCHDIDHRGTNNNYLLAT--
-1,ICHDLDHPGYNNIYQINAK-
-1,LCHDIDHRGTNNNYLLAT--
-1,MCHDIGHPGLNNLFLVETGH
-1,LCHDLDHRGTNNSHQTKVD-
-1,LSHDLDHRGTNNQFQIRT--
-1,LSHDLDHRGTNNQFQIRT--
-1,LSHDLDHPGLNNAFLVNTK-
-1,ICHDLDHPGYNNTYQINAR-
-1,ICHDLDHPGYNNTYQINAR-
-1,ICHDLDHPGYNNTYQINAR-
-1,LSHDLDHRGVNNSYIQRSDH
-1,LFHDIDHRGTNNAFQVNT--
-1,ICHDLDHPGYNNTYQINAR-
-1,LCHDLDHRGTDNKFQKLT--
-1,LSHDLDHPGVNNAFLVNTR-
-1,ICHDLDHPGYNNTYQINAR-
-1,ICHDLDHPGYNNTYQINAR-
-1,LCHDIDHMGLNNSFQLKAE-
-1,LCHDLGHRGYNNPFEVVTR-
-1,ICHDIGHPGTNNSFQQR---
-1,VCHDVGHPGLNNDFLVQTSH
-1,LCHDVAHPGTNNSFQQK---
-1,VCHDMGHPGFNNPFLLETAH
-1,LCHDLGHQGRNNPFLVASRH
-1,VCHDMGHPGFNNPFLLETAH
-1,LAHDIDHPGTNNAFLVATR-
-1,VCHDVGHPGLNNNFQIKSE-
-1,LAHDVDHPGTNNAFQVQT--
-1,LCHDIDHMGLNNSFQLKAE-
-1,LSHDIDHPGVNNSFLVKT--
-1,LCHDMDHMGFNNSFQLKAE-
-1,LCHDAGHEGFNNAFLNKTAH
-1,LCHDIDHPGRTNAYMIDSE-
-1,ICHDMEHPGLNNAFQINT--
-1,LCHDLDHRGQTNSFQQMVK-
-1,LLHDIDHPGTNNLFQIKT--
-1,LCHDIDHKGVNNAFHINSR-
-1,LCHDLGHAGFTNPFLVETKH
-1,VCHDLDHPGYNNTYQINAR-
-1,MCHDLEHPGTTNAFQVNT--
-1,LCHDIGHQGVNNVFLVETAH
-1,ICHDIGHPGLNNAFLTEVSH
-1,ICHDLDHRGTTNNFQIK---
-1,VCHDLDHPGYNNTYQINAR-
-1,LCHDIDHPGNNNDFELKT--
-1,MCHDIDHRGTTNSFQVQS--
-1,LCHDVDHRGTNSQFQISS--
-1,LCHDVSHPGVNNAYLVATE-
-1,ICHDIGHPGLNNPYLVETAH
-1,LCHDLEHPGVNNPYLINTR-
-1,LCHDIDHRGTTNSFQKQAR-
-1,LCHDVGHPGFNNAFHMNSE-
-1,LGHDLDHPGTNNAFQVEAK-
-1,LGHDLDHPGTNNAFQVEAK-
-1,LCHDLGHPGVNNSFMTSS--
-1,LVHDLAHPGYNNAFLIATNH
-1,VCHDLDHPGFNNTYQINAR-
-1,VCHDLDHPGYNNTYQINAR-
-1,VCHDLDHPGYNNTYQINAR-
-1,VCHDLDHPGYNNTYQINAR-
-1,VCHDADHPGNNNAFQIATR-
-1,VCHDLDHPGYNNTYQINAR-
-1,LSHDLDHRGTNNQFQIQT--
-1,VCHDLDHPGYNNTYQINAR-
-1,VCHDLDHPGYNNTYQINAR-
-1,VCHDLDHPGYNNTYQINAR-
-1,VCHDLDHPGYNNTYQINAR-
-1,MCHDVDHRGTNNQFQRQAK-
-1,LCHDVDHRGTNNNYLMAT--
-1,MCHDIGHPGLNNPYLVETSH
-1,VCHDLDHPGYNNTYQINAR-
-1,LCHDVDHRGTTNSFQLAS--
-1,LCHDVDHRGTTNSFQLAS--
-1,-CHDLDHRGMNNQFQKLSD-
-1,-CHDIDHRGTNNAFLIR---
-1,LCHDVDHRGKNNSFLQK---
-1,LCHDIDHPGNNNDFEVKS--
-1,-CHDIDHRGTNNAFLIR---
-1,LCHDIDHRGTTNSFQM----
-1,ICHDMGHPGVNNDYLVQTQH
-1,LCHDVDHRGTTNSFQLAS--
-1,LCHDVDHRGTTNSFQLAS--
-1,-CHDIDHRGTNNAFLIR---
-1,VCHDLDHRARSNQFLQKTSH
-1,MCHDIGHPGLNNPYLVETSH
-1,LAHDVGHPGVNNPFLVNTKH
-1,LMHDLGHPGVNNSYLIATKH
-1,LCHDVGHPGLTNSFLIKINH
-1,VCHDLDHPGYNNIYQINAK-
-1,LSHDLDHRGTNNQFQIQT--
-1,LCHDIDHPGNNNDFEVKS--
-1,MCHDIGHPGLNNPYLVETSH
-1,ICHDIGHPGLTNMFLVETEH
-1,LCHDIDHRGVNNTFLI----
-1,LCHDLDHPGHTNAFEVNS--
-1,LCHDVDHPGLTNAFLVAT--
-1,LCHDVDHPGVNNVFESNT--
-1,LCHDVDHPGVNNVFESNT--
-1,LCHDVGHPGLTNPFLTETRH
-1,LSHDLDHRGFDNSFQAKVDH
-1,ICHDLDHRGTNNTFERK---
-1,LAHDMDHPGTNNQFQVKS--
-1,ICHDVDHPGNNNNFEINTE-
-1,ICHDLGHPGTNNLFQKQT--
-1,LCHDLDHPGFTNSYLIQAE-
-1,LCHDLDHPGYTNSFLV----
-1,LCHDIDHRGRNTAFEVSTR-
-1,LCHDVDHPGLNNTYQKNAK-
-1,LCHDLGHPGHNNDYMIKTR-
-1,LCHDCDHRGRNNAFEVSAK-
-1,LCHDIDHPGYTNNFLIDS--
-1,LSHDLDHRGFDNSFQAKVDH
-1,LCHDLEHPGVNNAYLMNS--
-1,-CHDIGHEGFNNSFLVETSH
-1,LCHDLDHPGHNNGFEVSCE-
-1,LCHDLDHRGQTNSFQQIVK-
-1,LAHDMDHPGTNNAFQVQSR-
-1,-CHDLGHPGLNNLYLVQTRH
-1,LCHDMGHWGVNNAFVIETQH
-1,LCHDCGHRGFNNAFEVETR-
-1,VCHDVGHPGLNNPFLKETGH
-1,LCHDLDHRGTNNKFE-----
-1,-CHDIDHRGTTNSFQVQS--
-1,LCHDLDHRGTNSNFEVNS--
-1,VCHDLGHPGVNNDFLAKTD-
-1,LCHDLDHPGYTNSFLV----
-1,LCHDCDHPGFTNSYLIQTE-
-1,ICHDLDHPGYNNIYQINAR-
-1,LSHDLDHRGFDNSFQAKVDH
-1,LCHDFGHRGTNNSYQMAT--
-1,ICHDLDHPGFNNIYQVNAR-
-1,VCHDLAHPGLNNPFLKETGH
-1,MCHDIDHRGTNNQFQ-----
-1,LCHDLHHRGTNNTFQVAS--
-1,MCHDIDHRGTNNQFQ-----
-1,-CHDIDHRGTNNLYQMKS--
-1,LCHDLEHPGVNNAYLMNS--
-1,LTHDLGHPGLNNAFHVRTDH
-1,ICHDLDHPGFNNLYQINAR-
-1,LGHDLGHPGVNNQFLIETSH
-1,VCHDIGHPGVNNDFLVQISH
-1,ICHDLDHRGTNNTFERK---
-1,ICHDLDHRGTNNTFERK---
-1,LCHDVGHPGTNNTFQIN---
-1,ICHDIDHPGLNNSYQIN---
-1,ICHDLDHRGTNNTFERK---
-1,LAHDLGHPGFNNPFLVETQH
-1,VCHDLDHPGYNNTYQIN---
-1,LSHDLDHRGTNNSFQSKIE-
-1,VCHDLGHLGLNNQFLIQTEH
-1,LNHDIDHRGTNNAFQQKS--
-1,LCHDVDHRGTNNNYLLAT--
-1,ICHDLDHPGYNNIYQINAR-
-1,ICHDLDHPGYNNIYQINAR-
-1,LCHDINHPGHNNNYEIKTK-
-1,MCHDLGHPGITNPFLVETQH
-1,LCHDLDHRGTDNSYQRK---
-1,LCHDLDHRGKTNKFMLDTE-
-1,-CHDIDHRGTNNLYQMKS--
-1,-CHDIDHRGTNNLYQMKS--
-1,-CHDIDHRGTNNLYQMKS--
-1,-CHDIDHRGTNNLYQMKS--
-1,-CHDIDHRGTNNLYQMKS--
-1,-CHDIDHRGTNNLYQMKS--
-1,-CHDIDHRGTNNLYQMKS--
-1,-CHDIDHRGTNNLYQMKS--
-1,-CHDIDHRGTNNLYQMKS--
-1,-CHDIDHRGTNNLYQMKS--
-1,-CHDIDHRGTNNLYQMKS--
-1,LSHDLDHRGVNNSYIKRSDH
-1,LCHDLDHRGKNNKFMLES--
-1,-CHDIDHRGTNNLYQMKS--
-1,LCHDVGHPGLTNSFLIKMNH
-1,LCHDLDHRGTDNSYQRK---
-1,ICHDLDHPGYNNIYQINAR-
-1,LCHDLDHRGTDNSYQRK---
-1,-CHDIDHRGTNNLYQMKS--
-1,ICHDLDHPGYNNIYQINAR-
-1,ICHDLDHPGYNNIYQINAR-
-1,LSHDLDHRGTNNSFQIK---
-1,ICHDLDHPGYNNIYQINAR-
-1,LCHDIDHPGVNNCFLTIS--
-1,ICHDLDHRGFNNKFMI----
-1,ICHDLDHRGFNNKFMI----
-1,ICHDCDHRGVNNAFEIIT--
-1,ICHDLGHPGFNNQFLVGT--
-1,ICHDVDHPGLNNNFQIN---
-1,LCHDVDHRGFNNAFE-----
-1,-CHDIEHPGFTNNFLIETSH
-1,LCHDIDHPGNNNAFEI----
-1,LCHDLGHPGLTNAYLIDTE-
-1,LCHDIDHPGVTNSYEINS--
-1,LVHDLGHPGVNNAFLINTD-
-1,LAHDMDHPGTNNAFQVK---
-1,LCHDLDPRGQNNAFQVNS--
-1,LCHDLDHPGFTNGFLIDGE-
-1,LCHDLDHPGFTNSYLVDEE-
-1,LCHDLDHRGTNNTF------
-1,ICHDIDHPGNNNAFETAT--
-1,LCHDIGHPGLDNSFLIATK-
-1,-CHDVDHPGVNNIFLVESK-
-1,ICHDIDHPGFNNMYQINAR-
-1,LCHDIDHPGLNNHYLISS--
-1,VCHDLDHPGLNNTYQINAR-
-1,LCHDLDHPGYNNAY------
-1,ICHDLDHRGFNNKFMI----
-1,VCHDLDHPGLNNTYQINAR-
-1,LCHDLEHPGLNNAYQIN---
-1,ICHDLDHRGFNNKFMI----
-1,ICHDLDHRGFNNKFMI----
-1,LCHDLDHRGTNSAFEI----
-1,LCHDLDHRGTNSAFEI----
-1,LAHDIGHPGVNNNFLLETDH
-1,-CHDLDHPGFNNVYQVNAR-
-1,VCHDLDHPGFNNMYQINAR-
-1,LCHDVGHPARNNAFLTSSSH
-1,LCHDIGHPGKTNPFLVETCH
-1,VCHDLDHPGYNNAFE-----
-1,MCHDLDHPGTNNMYQVN---
-1,-CHDIDHRGTNNLYQTKS--
-1,LCHDLEHPGMNNAYQVN---
-1,LCHDVGHPARNNAFLTSSSH
-1,LCHDIGHQGMTNPFLIETKH
-1,-CHDLDHPGHNNSYQVNAR-
-1,-CHDIDHRGTNNLYQLKS--
-1,ICHDLDHRGFNNKFMI----
-1,-CHDIDHRGTNNLYQTKS--
-1,LCHDLDHRGKNNAYMKSME-
-1,VCHDLDHGGYTNNFLQKTE-
-1,LFHDIDHPGYNNNFLHLTRH
-1,-CHDMDHRGTTNAFQVQS--
-1,ICHDLDHRGFNNKFMI----
-1,ICHDLDHRGFNNKFMI----
-1,ICHDLDHRGFNNKFMI----
-1,ISHDLDHRGTNNAFQTKS--
-1,ISHDLDHRGTNNAFQTKS--
-1,LMHDLGHPGVNNTYLIATKH
-1,ISHDLDHRGTNNAFQTKS--
-1,LCHDLDHPGNTNDFEVKT--
-1,-CHDIDHRGTNNLYQTKS--
-1,ICHDLDHRGTDNKFQRLT--
-1,LCHDIDHPGVNNYFLTIS--
-1,ICHDYKHPGFNAAFLVQSKH
-1,LCHDLDHPGLTNNFQKR---
-1,LCHDMEHPGVTNAFLVESE-
-1,LAHDVGHPGVNNNFLVATRH
-1,VCHDVDHPGFNNTYQINAR-
-1,VCHDCDHRGFNNAFEVMSR-
-1,LCHDVGHPGRNNGFLVASK-
-1,LSHDLDHRGTNNSFQTK---
-1,LAHDLGHPGFNNVFLTETRH
-1,LCHDIGHPGKNNAFETKIR-
-1,LCHDIAHPGVNNAYLVNS--
-1,LSHDLDHRGTNNTFQSKAE-
-1,LAHDLGHPGLNNPFLIETQH
-1,VCHDIDHRGVNNAFVTK---
-1,ICHDLDHPGLNNWFQKN---
-1,LCHDLDHRGTNSSFEV----
-1,LVHDIGHPGVNNAFLIATE-
-1,LCHDLDHRGKTNQFMKLSE-
-1,LSHDLDHRGTDNQFQVKT--
-1,IVHDCDHPGFNNNFLIATSH
-1,LCHDIDHRGFNNHYQ-----
-1,LCHDLEHPGVNNPFLASSR-
-1,LAHDLDHPGVSNAFLVNTK-
-1,LCHDIDHRGTSNKFQM----
-1,LVHDIGHPGVNNAFLVATE-
-1,-CHDIGHPGVSNDFLVQTSH
-1,LCHDIDHRGTNSNYLQAT--
-1,LCHDIDHRGTNSNYLQAT--
-1,LSHDLDHRGTDNQFQVKT--
-1,ICHDVGHKGVNNGFLIETSH
-1,LCHDLDHRGRNNKFM-----
-1,MCHDIDHRGTTNQFQVHS--
-1,LCHDLDHRGKTNQFMVQS--
-1,LCHDIDHRGTNSNYLQAT--
-1,LAHDLDHRGTNNAFQSK---
-1,LCHDIGHQGFTNDFLARTKH
-1,LCHDVGHPGTNNLFQVN---
-1,LCHDIDHPGNNNEFEVK---
-1,LSHDLDHRGTDNQFQVKT--
-1,LCHDIDHPGFTNNFLQIIK-
-1,LCHDIDHPGFTNNFLQIIK-
-1,LCHDMGHWGFNNAFIIEIRH
-1,LCHDLDHPGCTNSYLIQAE-
-1,ISHDLDHRGTNNSFQQK---
-1,LCHDLGHPGVTNPFLTETR-
-1,-CHDIDHRGTNNLYQMK---
-1,ICHDLGHPGTNNKFQ-----
-1,LCHDMGHWGFNNAFIIEIRH
-1,ICHDLDHPGSTNSFQV----
-1,MCHDMGHWGVNNAFLIETHH
-1,LGHDLDHPGTNNAFQM----
-1,-CHDCDHRGRNNAFEVTTR-
-1,LGHDLDHPGYNNAYQINGK-
-1,ICHDIGHTGFNNPFLTETSH
-1,LCHDVDHPGNTNAFEVDT--
-1,LCHDLDHRGRDNSFLRK---
-1,LCHDLDHPGHSNGFEINSR-
-1,LCHDVDHRGFNTSFEVITR-
-1,VCHDVDHRGYNNEYFKKLKH
-1,ICHDLDHPGSTNSFQV----
-1,ICHDVDHRGYNTAFEVATR-
-1,LCHDLEHPGYNNAFAVN---
-1,MCHDLRHPGKNNPFQVETR-
-1,VCHDMDHPGLQNSFLVETK-
-1,-CHDVDHRGTSNVFMIRTK-
-1,LCHDLRHPGHNSAFEIRTE-
-1,LCHDVDHPGVNNVYEVSQE-
-1,LCHDVDHPGFSNSYQIN---
-1,--HDVNHPGFNNSFLIATKH
-1,LCHDLDHRGKNNAYM-----
-1,LVHDLAHPGCNNAFLMASDH
-1,IVHDVGHPGYNNAFLVASRH
-1,VCHDLDHPGYSNSYQINAR-
-1,MCHDLDHRGTNESYQISS--
-1,ICIDIGHPGFNNQFLIETGH
-1,VCHDLDHPGYSNSYQINAR-
-1,LSHDLDHRGTNNNFQVMIE-
-1,ICHDLDHTGYNNAYQINAR-
-1,LCHDVGHPGRTTPFLVETKH
-1,LCHDIDHPGVTNSYLIR---
-1,LCHDVGHPGRTTPFLVETKH
-1,LCHDLDHRGKNNAYM-----
-1,MCHDLNHPGFNNTFQVN---
-1,--HDVDHPGVNNTFLINSNH
-1,--HDVDHPGVNNTFLINSQH
-1,LCHDLDHRGKNNAYM-----
-1,LCHDLDHRGRDNSYQRK---
-1,-CHDIDHRGTTNSFQSES--
-1,MCHDLNHPGFNNTFQVN---
-1,ICHDLDHRGYNNDFFRKFD-
-1,LCHDLDHRGKNNAYM-----
-1,MCHDLNHPGFNNTFQVN---
-1,MCHDLNHPGFNNTFQVN---
-1,--HDLDHRGTNNAFQSKIE-
-1,LCHDCNHRGFNNAFEMMTR-
-1,LGHDLDHRGTTNSFQIKAK-
-1,ISHDLDHRGTNNSFQQK---
-1,-CHDIDHRGTNNLYQMK---
-1,LSHDIDHRGTDNQFQIKT--
-1,LSHDIDHRGTDNQFQIKT--
-1,LVHDIDHPGVNNSFLKST--
-1,--HDYDHPGYNNNFQIRTE-
-1,LCHDVGHRGFNTAFEVNTR-
-1,LCHDIGHPGVTNGYLVSTE-
-1,VCHDVAHPGLSNAFLVETSH
-1,MCHDVDHRGYNTAFEVATR-
-1,LVHDVDHRGRNNAFEIVTK-
-1,LCHDMGHWGLSNAFLVETRH
-1,VCHDMAHPGVNNQFLVDTD-
-1,VCHDINHPGVTNQFLIDTE-
-1,LVHDVDHRGRNNAFEVVTK-
-1,VCHDFEHPGLNNTFQINT--
-1,ICHDLDHRGTNNSYE-----
-1,VCHDIDHPGHTNAFEINS--
-1,LIHDYDHPGVNNKYLIETHH
-1,LAHDIGHPGVNNGYLIASKH
-1,-CHDLDHRGTTNSYQTQS--
-1,MCHDVDHPGNNNDFEILTE-
-1,LAHDLDHPGVSNAFLVNTR-
-1,--HDYDHPGYNNNFQIRTE-
-1,LCHDLGHLGVNNSFLVAT--
-1,LAHDIGHPGVNNGYLIASKH
-1,ICHDVDHRGYNNAFFSKMD-
-1,-CHDTDHRGTNNTFLIRS--
-1,LCHDLDHRGYTNKYMSET--
-1,IAHDLDHPGFNNQFLVSTR-
-1,-CHDTDHRGTNNTFLIRS--
-1,LAHDVGHPGLSNQFLIKTKH
-1,LAHDVGHPGLSNQFLIKTKH
-1,LCHDVDHPGNNNDFEVK---
-1,LCHDVDHPGNNNDFEVK---
-1,ICHDLDHRGTNNPHQMK---
-1,LCHDIDHPGNNNDFELK---
-1,LCHDIGHPGTDNAYEIAT--
-1,LCHDIGHPGTDNAYEIAT--
-1,LCHDIDHPGHTNGFEVNS--
-1,LAHDLDHPGVSNAFLVNTR-
-1,LCHDIDHRGRNNGFVLFT--
-1,LCHDLGHPGTNNAY------
-1,LVHDLGHPGVNNTFQIVT--
-1,MCHDLDHPGLTNNFLIDS--
-1,LCHDMGHWGFNNGYLVETAH
-1,LCHDAGHRGSNNAFEVMT--
-1,VCHDIGHNGLNNPFLIETTH
-1,LCHDLDHPGHTNAFE-----
-1,ICHDMGHPGVNNDYLVQMQH
-1,LCHDMDHPGYSNSYLINAR-
-1,LAHDLGHPGTNNAFQIN---
-1,MCHDLSHPGTNNMFQLDS--
-1,VCHDLDHPGCTNSFLVDGE-
-1,LIHDIGHPGLNNAFLVATE-
-1,LCHDLDHPGNTNSYEINS--
-1,LCHDIGHRGRNTAFEVQSK-
-1,LAHDLGHPGVNARFLIETKH
-1,LCHDIGHRGRNNNFESVTR-
-1,IIHDIDHRGYNNAFMIKNK-
-1,IVHDCDHPGFNNGFLSTTDH
-1,LVHDVDHPGTNNEFEIKS--
-1,MCHDVDHRGVNNDFMVLAD-
-1,--HDLDHRGTNNSFQKASR-
-1,LCHDIDHTGRNNAFESNS--
-1,LCHDVSHPGVNNNFVIQT--
-1,-CHDIGHPGYNNAFHMNS--
-1,VCHDLDHPGTNNTYHVN---
-1,LSHDLDHRGTNNTFLTAT--
-1,LCHDAGHMGMNNDFYVKTRH
-1,LCHDIGHPGRTNPFLVET--
-1,LCHDIGHPGVNNPFL-----
-1,LCHDIGHPGKTNQFLVET--
-1,LCHDIGHVGRTNKFLVETRH
-1,LCHDLDHPGVTNGYLIR---
-1,LGHDVGHPGVNNQFLTETSH
-1,LCHDVGHLGVNNAFLVNT--
-1,LCHDVDHPGCTNSYLINVE-
-1,MCHDIDHRGTTNQFQ-----
-1,LCHDVSHPGNNNDFEIRTK-
-1,LCHDLDHRGKTNQFLV----
-1,IIHDIDHRGYNNAFMIKNK-
-1,IIHDIDHRGYNNAFMIKNK-
-1,LSHDVDHRGVSNQFLQLTSH
-1,-CHDIDHPGNNNAYEVNS--
-1,LAHDLGHPGINNAFLVNTR-
-1,LCHDLDHRGRSNKFMLDS--
-1,ISHDVDHPGFNNQFLVSTK-
-1,-CHDIDHPGNNNAYEVNS--
-1,LCHDIDHPGHSSDFEIKTD-
-1,LCHDIDHPGHSSDFEIKTD-
-1,LAHDMNHPGTNNAYEVKTK-
-1,LCHDIDHPGNTNAFEI----
-1,LAHDIAHPGLNNPFLIETGH
-1,--HDVDHRGTNNAFQKVSK-
-1,--HDVGHPGVNNLFLIKTGH
-1,ICHDVGHEGRTNAFLVETSH
-1,-CHDVEHPGFNNMFLIEKRH
-1,LAHDIGHPGLNNGYLIASKH
-1,LCHDLEHPGLNNNYQKN---
-1,VVHDIGHPGRNNKFLIDTSH
-1,LCHDLGHFGKTNPFLIETGH
-1,ICHDIDHPGNTNAFEISS--
-1,-CHDFQHPGVNNAFMTASK-
-1,--HDVDHRGTNNAFQKVSK-
-1,--HDIGHPGMNNPFLVDTRH
-1,LSHDVGHPGTNNAFLVNT--
-1,--HDYEHPGVNNNFLIATKH
-1,LCHDVDHPGVTNGFLV----
-1,LVHDLDHPGLNNDYQINS--
-1,LVHDLGHPGLNNNFQIAT--
-1,IIHDCDHPGCNNNFLIATNH
-1,LCHDLGHFGKTNPFLVATGH
-1,LCHDADHRGFNSAYEMVTR-
-1,LGHDIGHKGLNNAYLIKTRH
-1,-CHDIDHPAVNNAFLSAVE-
-1,ISHDLDHPGLNNRFQINIK-
-1,LCHDIDHPGNTNSYEINS--
-1,LAHDLGHPGLNNGFLSETGH
-1,--HDICHPGMNNSFLIATKH
-1,LSHDLDHRGTNNQFQ-----
-1,VVHDLAHPGYNNAFLVDADH
-1,LCHDIDHPGVTNGYLIR---
-1,LSHDVEHPGYNNAFLIKT--
-1,ICHDLDHRGKNNAYM-----
-1,LCHDIGHPGKTNPFLVET--
-1,ICHDLDHRGYDNRFMKK---
-1,LSHDLDHRGTNNQFQ-----
-1,--HDVDHPGVNNTFLIHSNH
-1,--HDVDHPGVNNTFLIHSNH
-1,LCHDIDHRGFNNTY------
-1,LAHDIGHPGLNNGYLIASKH
-1,ICHDVDHRGYTNEYFKKVDH
-1,LGHDLDHRGTTNSFQVK---
-1,VCHDMDHPGLQNSFLVET--
-1,LCHDIGHPGRNNNFFVAS--
-1,LCHDIGHPGRNNNFFVAS--
-1,LCHDIGHPGRNNNFFVAS--
-1,LCHDVDHPGNTNDFELKT--
-1,LCHDLDHPGNTNDFEVK---
-1,VCHDVGHPGYNNPFLVES--
-1,LCHDVDHPGFTNNFLELS--
-1,VCHDLDHPGVTNAYLNSVE-
-1,ISHDLDHRGTNNSFQHK---
-1,ICHDCDHRGHNNNFEVMSR-
-1,MVHDVDHPGVMNGFLVATEH
-1,LCHDLGHPGLTNSFLI----
-1,--HDMDHPGTNNAFEVKMK-
-1,LGHDLGHPGVNSLFLINTRH
-1,ICHDIGHPGVTNDFLVQT--
-1,LCHDVGHRGMNSAFEMETR-
-1,LSHDVGHPGVNNAFLVNT--
-1,LCHDVGHPATNNMYQVAT--
-1,VCHDIGHIGKNNGFLVETSH
-1,LCHDCDHRGHNTAFEVMT--
-1,LCHDIGHPAKSNSFMVLSAH
-1,VCHDIGHLGVNNDFLVHTAH
-1,LCHDIGHQGLNTGFLIETQH
-1,LGHDIDHRGCNNAFEVMTR-
-1,LAHDVDHPGTNNSFHVNAK-
-1,-CHDYQHPGVNNVFLVMTK-
-1,LCHDVGHPGRNNLFQTN---
-1,ICHDLGHPGVGNPFLVAT--
-1,LCHDLGHRGFNTAYEVITR-
-1,LCHDCDHRGCNNIFEVMS--
-1,LCHDVGHRGRNNNFESVTR-
-1,LIHDLNHPGVNNAFHQATD-
-1,LAHDVGHPGTNNSFQQK---
-1,LCHDIGHQGKTNPFLTETSH
-1,LSHDIDHPGCTNSFLVSTE-
-1,LVHDLRHPGVSNAFLRATNH
-1,LCHDCDHRGYNTNFEIVT--
-1,LCHDCDHRGHNTAFEVMT--
-1,LCHDIGHPGKTTPFLVETMH
-1,LAHDVGHPGTNNSFQQK---
-1,VCHDIGHPGVNNPFLV----
-1,LCCDVAHPGVNNSFLIAMKH
-1,LCHDLDHNGLTNAFHVNSR-
-1,LLHDIGHPGLNNNFQIATR-
-1,-CHDLGHQGVSNPFLVATGH
-1,LCHDLQHPGLNNPHQVAT--
-1,LCHNIGHQGLNNVFLVETAH
-1,LGHDLGHPGVNSLFLINTRH
-1,LVHDVGHPGVTNPFLVATGH
-1,ICHDLDHPGFNNTY------
-1,ICHDLDHPALSNKFQINIK-
-1,LVHDLAHPGLNNSFLVAINH
-1,--HDLDHPGFNNAYQVNAR-
-1,ISHDLDHRGTNNSFQHK---
-1,LCHDIGHLGKTNKFLVDTQH
-1,LGHDVGHPAINNGFLVKTKH
-1,LSHDLDHPGVSNAFLVNAK-
-1,LCHDVGHQGFRNDFLVETGH
-1,LCHDLDHNGLTNAFHVNSR-
-1,LCHDIGHPGKTTPFLVETMH
-1,LCYDLEHPGVNSQFLVKSK-
-1,LCHDVGHQGKTNPFLVETQH
-1,ISHDLDHRGTNNSFQHK---
-1,LVHDIDHPGVNNSFLKN---
-1,LCHDLDHRGRDNRFM-----
-1,--HDLGHPGVNSMFLINTKH
-1,LAHDVDHPGLTNAYLVANKH
-1,--HDVEHPGTNNAFQVSTR-
-1,IAHDMGHPGVNNPFLIETHH
-1,MCHDVDHPGNTNNFEILTE-
-1,LAHDVGHPGLNNAHLVRTDH
-1,LGHDVHHPGYNNPFLIETSH
-1,LSHDIDHPGCTNSFLVSTD-
-1,LCHDVGHPGVNNTYLV----
-1,ICHNLEHPGVNNHFLVVSK-
-1,--HDVDHPGLNNAFQVK---
-1,LCHDIKHPGHNSDFEIKT--
-1,MVHDVDHRGRNNAFEIVTK-
-1,ICHDLGHMGVNNPFLVET--
-1,IVHDVDHPGVNNIFLVNSE-
-1,LSHDVDHRGRNNAFEVMT--
-1,LLHDVDHPGLNNTYQIAT--
-1,LCHDIDHPGNTNDFEVMS--
-1,ICHDLDHRGKNNQYM-----
-1,MVHDVDHRGRNNAFEIVTK-
-1,LGHDLDHPGFNNIYFVKLRH
-1,LAHDLDHRGTNNTFMSAVE-
-1,LCHDADHPGVTNGFLV----
-1,VCHDVDHRGTNNAY------
-1,LCHDVSHFGRSNSFLVETRH
-1,--HDVDHPGTNNAFQI----
-1,LSHDIDHPGYTNSYLVSTD-
-1,MVHDVDHRGRNNAFEIVTK-
-1,-CHDIDHRGTSNKFQ-----
-1,ICHDLDHPGLSNGYQIN---
-1,ISHDLGHPGVANAFLVETNH
-1,ICHDIDHPGYTNSYEV----
-1,LCHDLEHPGVTSQFLSKT--
-1,ISHDLDHPGLNNAYQVNAR-
-1,LGHDLNHPGVTNVFMINSRH
-1,LGHDLNHPGVTNVFMINSRH
-1,LGHDLNHPGVTNVFMINSRH
-1,LGHDLNHPGVTNVFMINSRH
-1,--HDLDHPGINNNFLVQLNH
-1,--HDLDHPGCNNAYQINAK-
-1,ICHDLDHPALSNRFQINMK-
-1,LCHDVDHRGFNNTY------
-1,LAHDVGHPGLNNVYLVKAKH
-1,LAHDIDHPGTNNSYQ-----
-1,VVHDIGHPGVNNPYLIETAH
-1,LSHDLDHRGVNNSYIQRS--
-1,LCHDLDHRGYTNKYM-----
-1,ICHDVDHRGYNNEFFKK---
-1,LCHDLDHRGYTNKYM-----
-1,LCHDLDHRGYTNKYL-----
-1,LCHDLDHGGFTNNFLQ----
-1,ILHDIAHPGVNNNFLIAVKH
-1,--HDVDHRGTNNAFQKVS--
-1,LGHDLGHPGLTNPFLTETRH
-1,LCHDMGHQGVSNAFLVETR-
-1,LCHDLDHRALSNTFYINSK-
-1,LCHDIEHPGVSSSFLLKSR-
-1,LCHDVNHPGHTNNFEINT--
-1,VCHDIGHPGVNNPFL-----
-1,VCHDTDHRVFNNAFEINT--
-1,LCHDCDHRGRNTGFEVMTR-
-1,--HDLDHRGTNNSFQ-----
-1,VCHDLEHPGLSNTFQVNEK-
-1,--HDMGHPGLNNAFLAETSH
-1,--HDLDHRGTNNSFQ-----
-1,LLHDIGHPGTNNTYQINS--
-1,LCHDLAHPGNNNDYEIKS--
-1,LCHDIGHLGKSNHFLIETQH
-1,ICHDVGHMGRTNQFLVETGH
-1,LVHDIDHPGLNNTYQIN---
-1,LCHDLQHPGLNNPHQVSS--
-1,LCHDLGHFGRTNQFLVEINH
-1,MCHDINHPGNNNEFEVKS--
-1,IVHDLGHPGLNNNFQIAT--
-1,-CHDIDHRGYNSAYEMVSR-
-1,LCHDCDHRGRNTGFEVQT--
-1,LCHDLGHMGRTNPFLVEIGH
-1,LCHDIDHPGNTNSYEVN---
-1,LGHDLNHPGVTNIFMINSRH
-1,--HDLDHPGLTNRFQINSK-
-1,LVHDLDHPGLNNNYQV----
-1,MCHDVGHLGLNNPFLMATTH
-1,LGHDLGHIGVNNQFLIETSH
-1,VCHDLGHIGLNNSFLTEVQH
-1,LCHDLDHRGKSNAYM-----
-1,ICHDFEHPGLNNTFLANT--
-1,--HDIGHPGRNNYFLVETQH
-1,LCHDSDHPGLNNQHLIDSE-
-1,-CHDVDHPGHTNSFEIAS--
-1,--HDLGHPGVNNPFLIEASH
-1,LVHDLDHRGTTNRFQI----
-1,LCHDADHPGLSNNFLMLIK-
-1,-CHDLDHRGTSNSFE-----
-1,--HDIDHRGTNNLYQVKS--
-1,--HDIDHRGTNNLYQVKS--
-1,LVHDIGHPGKSNCFLVETRH
-1,LCHDIDHPGNTNDFELK---
-1,LCHDIDHPGNTNDFELK---